title,english_title,year,type
Crime 101,Crime 101,2026,film
GOAT,GOAT,2026,film
Die Ältern,Die Ältern,2026,film
Joe's College Road Trip,Joe's College Road Trip,2026,film
War Machine,War Machine,2026,film
"Good Luck, Have Fun, Don't Die","Good Luck, Have Fun, Don't Die",2026,film
How to Make a Killing,How to Make a Killing,2026,film
The Bluff,The Bluff,2026,film
Panda Plan: The Magical Tribe,Panda Plan: The Magical Tribe,2026,film
One Mile: Chapter One,One Mile: Chapter One,2026,film
Pose,Pose,2026,film
Scream 7,Scream 7,2026,film
One Mile: Chapter Two,One Mile: Chapter Two,2026,film
Hoppers,Hoppers,2026,film
The Bride!,The Bride!,2026,film
Peaky Blinders: The Immortal Man,Peaky Blinders: The Immortal Man,2026,film
Good Boy,Good Boy,2026,film
Louis Theroux: Inside the Manosphere,Louis Theroux: Inside the Manosphere,2026,film
Reminders of Him,Reminders of Him,2026,film
undertone,undertone,2026,film
Over Your Dead Body,Over Your Dead Body,2026,film
Mike & Nick & Nick & Alice,Mike & Nick & Nick & Alice,2026,film
Project Hail Mary,Project Hail Mary,2026,film
Do Not Enter,Do Not Enter,2026,film
Ready or Not: Here I Come,Ready or Not: Here I Come,2026,film
Fuze,Fuze,2026,film
Crybaby Bridge,Crybaby Bridge,2026,film
They Will Kill You,They Will Kill You,2026,film
Forbidden Fruits,Forbidden Fruits,2026,film
The Super Mario Galaxy Movie,The Super Mario Galaxy Movie,2026,film
The Drama,The Drama,2026,film
Outcome,Outcome,2026,film
Sniper: No Nation,Sniper: No Nation,2026,film
Thrash,Thrash,2026,film
Beast,Beast,2026,film
Lee Cronin's The Mummy,Lee Cronin's The Mummy,2026,film
Normal,Normal,2026,film
A Gorilla Story: Told by David Attenborough,A Gorilla Story: Told by David Attenborough,2026,film
Michael,Michael,2026,film
Desert Warrior,Desert Warrior,2026,film
Apex,Apex,2026,film
Immortal Combat,Immortal Combat,2026,film
The Devil Wears Prada 2,The Devil Wears Prada 2,2026,film
The Sheep Detectives,The Sheep Detectives,2026,film
Mortal Kombat II,Mortal Kombat II,2026,film
Iron Maiden: Burning Ambition,Iron Maiden: Burning Ambition,2026,film
A Marvel Television Special Presentation - The Punisher: One Last Kill,A Marvel Television Special Presentation - The Punisher: One Last Kill,2026,film
Obsession,Obsession,2026,film
In the Grey,In the Grey,2026,film
The Crash,The Crash,2026,film
Tom Clancy's Jack Ryan: Ghost War,Tom Clancy's Jack Ryan: Ghost War,2026,film
The Mandalorian and Grogu,The Mandalorian and Grogu,2026,film
Passenger,Passenger,2026,film
Ladies First,Ladies First,2026,film
Backrooms,Backrooms,2026,film
Ice Skater,Ice Skater,2026,film
Hungry,Hungry,2026,film
Masters of the Universe,Masters of the Universe,2026,film
Scary Movie,Scary Movie,2026,film
The Murder of Rachel Nickell,The Murder of Rachel Nickell,2026,film
Office Romance,Office Romance,2026,film
Colors of Evil: Black,Colors of Evil: Black,2026,film
Disclosure Day,Disclosure Day,2026,film
Toy Story 5,Toy Story 5,2026,film
The Death of Robin Hood,The Death of Robin Hood,2026,film
Citizen Vigilante,Citizen Vigilante,2026,film
Minions & Monsters,Minions & Monsters,2026,film
Supergirl,Supergirl,2026,film
Black Box,Black Box,2026,film
Summerween,Summerween,2026,film
Enola Holmes 3,Enola Holmes 3,2026,film
The Bay,The Bay,2026,film
Grizzly Night,Grizzly Night,2026,film
Heartstopper Forever,Heartstopper Forever,2026,film
Descendants: Wicked Wonderland,Descendants: Wicked Wonderland,2026,film
Elize: Shadows of a Woman,Elize: Shadows of a Woman,2026,film
Avatar Aang: The Last Airbender,Avatar Aang: The Last Airbender,2026,film
The Devil's Mouth,The Devil's Mouth,2026,film
THE RIBBON HERO,THE RIBBON HERO,2026,film
The Last House,The Last House,2026,film
Don't Say Good Luck,Don't Say Good Luck,2026,film
"My Best Friend, His Girlfriend and Me","My Best Friend, His Girlfriend and Me",2026,film
Practical Magic 2,Practical Magic 2,2026,film
Downton Abbey: The Grand Finale,Downton Abbey: The Grand Finale,2025,film
Code 3,Code 3,2025,film
The Jester 2,The Jester 2,2025,film
The Senior,The Senior,2025,film
The Tank,The Tank,2025,film
Altered,Altered,2025,film
The Great Flood,The Great Flood,2025,film
Chainsaw Man - The Movie: Reze Arc,Chainsaw Man - The Movie: Reze Arc,2025,film
The Lost Bus,The Lost Bus,2025,film
Prisoner of War,Prisoner of War,2025,film
Dead of Winter,Dead of Winter,2025,film
One Battle After Another,One Battle After Another,2025,film
No Other Choice,No Other Choice,2025,film
The Strangers: Chapter 2,The Strangers: Chapter 2,2025,film
The Astronaut,The Astronaut,2025,film
Play Dirty,Play Dirty,2025,film
Good Boy,Good Boy,2025,film
A House of Dynamite,A House of Dynamite,2025,film
The Smashing Machine,The Smashing Machine,2025,film
Bone Lake,Bone Lake,2025,film
Coyotes,Coyotes,2025,film
She Walks in Darkness,She Walks in Darkness,2025,film
The Partisan,The Partisan,2025,film
Die My Love,Die My Love,2025,film
TRON: Ares,TRON: Ares,2025,film
Roofman,Roofman,2025,film
Zweigstelle,Zweigstelle,2025,film
The Last Viking,The Last Viking,2025,film
The Perfect Neighbor,The Perfect Neighbor,2025,film
The Woman in Cabin 10,The Woman in Cabin 10,2025,film
Good Fortune,Good Fortune,2025,film
Black Phone 2,Black Phone 2,2025,film
Our Fault,Our Fault,2025,film
Ballad of a Small Player,Ballad of a Small Player,2025,film
Truth & Treason,Truth & Treason,2025,film
Frankenstein,Frankenstein,2025,film
The Hand That Rocks the Cradle,The Hand That Rocks the Cradle,2025,film
Icefall,Icefall,2025,film
Blue Moon,Blue Moon,2025,film
The Twits,The Twits,2025,film
Regretting You,Regretting You,2025,film
Sisu: Road to Revenge,Sisu: Road to Revenge,2025,film
Springsteen: Deliver Me from Nowhere,Springsteen: Deliver Me from Nowhere,2025,film
Bugonia,Bugonia,2025,film
Christy,Christy,2025,film
Babo: The Haftbefehl Story,Babo: The Haftbefehl Story,2025,film
Pike River,Pike River,2025,film
Pumuckl and the Big Misunderstanding,Pumuckl and the Big Misunderstanding,2025,film
The Rats: A Witcher Tale,The Rats: A Witcher Tale,2025,film
No Hit Wonder,No Hit Wonder,2025,film
Worldbreaker,Worldbreaker,2025,film
Predator: Badlands,Predator: Badlands,2025,film
Train Dreams,Train Dreams,2025,film
Nuremberg,Nuremberg,2025,film
In Your Dreams,In Your Dreams,2025,film
The Family Plan 2,The Family Plan 2,2025,film
The Running Man,The Running Man,2025,film
Now You See Me: Now You Don't,Now You See Me: Now You Don't,2025,film
Jay Kelly,Jay Kelly,2025,film
Muzzle: City of Wolves,Muzzle: City of Wolves,2025,film
Trap House,Trap House,2025,film
Wildcat,Wildcat,2025,film
Wicked: For Good,Wicked: For Good,2025,film
Scarlet,Scarlet,2025,film
Hamnet,Hamnet,2025,film
Wake Up Dead Man: A Knives Out Mystery,Wake Up Dead Man: A Knives Out Mystery,2025,film
Zootopia 2,Zootopia 2,2025,film
Eternity,Eternity,2025,film
Troll 2,Troll 2,2025,film
Five Nights at Freddy's 2,Five Nights at Freddy's 2,2025,film
Stromberg - Wieder alles wie immer,Stromberg - Wieder alles wie immer,2025,film
Hunting Season,Hunting Season,2025,film
Dust Bunny,Dust Bunny,2025,film
Goodbye June,Goodbye June,2025,film
The SpongeBob Movie: Search for SquarePants,The SpongeBob Movie: Search for SquarePants,2025,film
Avatar: Fire and Ash,Avatar: Fire and Ash,2025,film
Whispers in the Woods,Whispers in the Woods,2025,film
The Housemaid,The Housemaid,2025,film
Marty Supreme,Marty Supreme,2025,film
Anaconda,Anaconda,2025,film
The Physician II,The Physician II,2025,film
We Bury the Dead,We Bury the Dead,2026,film
People We Meet on Vacation,People We Meet on Vacation,2026,film
Greenland 2: Migration,Greenland 2: Migration,2026,film
The Rip,The Rip,2026,film
28 Years Later: The Bone Temple,28 Years Later: The Bone Temple,2026,film
The Internship,The Internship,2026,film
Mercy,Mercy,2026,film
Whistle,Whistle,2026,film
The Wizard of the Kremlin,The Wizard of the Kremlin,2026,film
Cold Storage,Cold Storage,2026,film
Return to Silent Hill,Return to Silent Hill,2026,film
Send Help,Send Help,2026,film
The Three Investigators: Isle of Death,The Three Investigators: Isle of Death,2026,film
In the Blink of an Eye,In the Blink of an Eye,2026,film
Shelter,Shelter,2026,film
The Wrecking Crew,The Wrecking Crew,2026,film
Woodwalkers 2,Woodwalkers 2,2026,film
Solo Mio,Solo Mio,2026,film
The Strangers: Chapter 3,The Strangers: Chapter 3,2026,film
The Ugly Stepsister,The Ugly Stepsister,2025,film
Black Bag,Black Bag,2025,film
Novocaine,Novocaine,2025,film
Bill Burr: Drop Dead Years,Bill Burr: Drop Dead Years,2025,film
The World Will Tremble,The World Will Tremble,2025,film
High Rollers,High Rollers,2025,film
Snow White,Snow White,2025,film
The Assessment,The Assessment,2025,film
Locked,Locked,2025,film
Magazine Dreams,Magazine Dreams,2025,film
A Working Man,A Working Man,2025,film
The Ballad of Wallis Island,The Ballad of Wallis Island,2025,film
A Minecraft Movie,A Minecraft Movie,2025,film
Eden,Eden,2025,film
Warfare,Warfare,2025,film
The Amateur,The Amateur,2025,film
Sinners,Sinners,2025,film
Bluey's Big Play,Bluey's Big Play,2025,film
The Accountant²,The Accountant²,2025,film
Until Dawn,Until Dawn,2025,film
U Are the Universe,U Are the Universe,2025,film
Havoc,Havoc,2025,film
The Other,The Other,2025,film
Exterritorial,Exterritorial,2025,film
The Old Woman with the Knife,The Old Woman with the Knife,2025,film
Thunderbolts*,Thunderbolts*,2025,film
Rust,Rust,2025,film
The Salt Path,The Salt Path,2025,film
Fear Below,Fear Below,2025,film
Karate Kid: Legends,Karate Kid: Legends,2025,film
King Ivory,King Ivory,2025,film
Stand Your Ground,Stand Your Ground,2025,film
Final Destination Bloodlines,Final Destination Bloodlines,2025,film
Guns Up,Guns Up,2025,film
Hunting Grounds,Hunting Grounds,2025,film
Lilo & Stitch,Lilo & Stitch,2025,film
Mission: Impossible - The Final Reckoning,Mission: Impossible - The Final Reckoning,2025,film
Fountain of Youth,Fountain of Youth,2025,film
Colours of Time,Colours of Time,2025,film
Tin Soldier,Tin Soldier,2025,film
Fear Street: Prom Queen,Fear Street: Prom Queen,2025,film
Ballerina,Ballerina,2025,film
Predator: Killer of Killers,Predator: Killer of Killers,2025,film
Dangerous Animals,Dangerous Animals,2025,film
How to Train Your Dragon,How to Train Your Dragon,2025,film
Materialists,Materialists,2025,film
The Unholy Trinity,The Unholy Trinity,2025,film
Elio,Elio,2025,film
28 Years Later,28 Years Later,2025,film
KPop Demon Hunters,KPop Demon Hunters,2025,film
Heads of State,Heads of State,2025,film
F1,F1,2025,film
Reflection in a Dead Diamond,Reflection in a Dead Diamond,2025,film
M3GAN 2.0,M3GAN 2.0,2025,film
Ice Road: Vengeance,Ice Road: Vengeance,2025,film
Smurfs,Smurfs,2025,film
Jurassic World Rebirth,Jurassic World Rebirth,2025,film
The Old Guard 2,The Old Guard 2,2025,film
Superman,Superman,2025,film
Captain Hook: The Cursed Tides,Captain Hook: The Cursed Tides,2025,film
Eddington,Eddington,2025,film
I Know What You Did Last Summer,I Know What You Did Last Summer,2025,film
The Banished,The Banished,2025,film
Demon Slayer: Kimetsu no Yaiba Infinity Castle,Demon Slayer: Kimetsu no Yaiba Infinity Castle,2025,film
The Fantastic 4: First Steps,The Fantastic 4: First Steps,2025,film
The Bad Guys 2,The Bad Guys 2,2025,film
Happy Gilmore 2,Happy Gilmore 2,2025,film
Osiris,Osiris,2025,film
The Pickup,The Pickup,2025,film
Together,Together,2025,film
War of the Worlds,War of the Worlds,2025,film
Dracula,Dracula,2025,film
An Honest Life,An Honest Life,2025,film
The Naked Gun,The Naked Gun,2025,film
She Rides Shotgun,She Rides Shotgun,2025,film
My Oxford Year,My Oxford Year,2025,film
Weapons,Weapons,2025,film
Freakier Friday,Freakier Friday,2025,film
Stans,Stans,2025,film
Stolen: Heist of the Century,Stolen: Heist of the Century,2025,film
Hostile Takeover,Hostile Takeover,2025,film
Nobody 2,Nobody 2,2025,film
Highest 2 Lowest,Highest 2 Lowest,2025,film
Manitou's Canoe,Manitou's Canoe,2025,film
The Shadow's Edge,The Shadow's Edge,2025,film
Sentimental Value,Sentimental Value,2025,film
Afterburn,Afterburn,2025,film
Splitsville,Splitsville,2025,film
Relay,Relay,2025,film
Primitive War,Primitive War,2025,film
Beast of War,Beast of War,2025,film
The Mannequin,The Mannequin,2025,film
The Roses,The Roses,2025,film
The Toxic Avenger Unrated,The Toxic Avenger Unrated,2025,film
Unknown Number: The High School Catfish,Unknown Number: The High School Catfish,2025,film
The Conjuring: Last Rites,The Conjuring: Last Rites,2025,film
Stolen Girl,Stolen Girl,2025,film
Bad Man,Bad Man,2025,film
Swiped,Swiped,2025,film
The Long Walk,The Long Walk,2025,film
A Quiet Place: Day One,A Quiet Place: Day One,2024,film
Daddio,Daddio,2024,film
MaXXXine,MaXXXine,2024,film
Longlegs,Longlegs,2024,film
Twisters,Twisters,2024,film
My Favourite Cake,My Favourite Cake,2024,film
My Spy The Eternal City,My Spy The Eternal City,2024,film
Oddity,Oddity,2024,film
Hollywoodgate,Hollywoodgate,2024,film
The Beast Within,The Beast Within,2024,film
Deadpool & Wolverine,Deadpool & Wolverine,2024,film
Dìdi (弟弟),Dìdi (弟弟),2024,film
Trap,Trap,2024,film
The Instigators,The Instigators,2024,film
It Ends with Us,It Ends with Us,2024,film
Alien: Romulus,Alien: Romulus,2024,film
Jackpot!,Jackpot!,2024,film
Strange Darling,Strange Darling,2024,film
Subservience,Subservience,2024,film
The Union,The Union,2024,film
Gunner,Gunner,2024,film
The Killer,The Killer,2024,film
Rebel Ridge,Rebel Ridge,2024,film
Hellboy: The Crooked Man,Hellboy: The Crooked Man,2024,film
1992,1992,2024,film
Beetlejuice Beetlejuice,Beetlejuice Beetlejuice,2024,film
The Substance,The Substance,2024,film
Speak No Evil,Speak No Evil,2024,film
Transformers One,Transformers One,2024,film
The Wild Robot,The Wild Robot,2024,film
Long Gone Heroes,Long Gone Heroes,2024,film
Pedro Páramo,Pedro Páramo,2024,film
To the Moon,To the Moon,2024,film
V/H/S/Beyond,V/H/S/Beyond,2024,film
Wolfs,Wolfs,2024,film
OVERLORD: The Sacred Kingdom,OVERLORD: The Sacred Kingdom,2024,film
Bureau 749,Bureau 749,2024,film
Joker: Folie à Deux,Joker: Folie à Deux,2024,film
Uprising,Uprising,2024,film
The Silent Hour,The Silent Hour,2024,film
Woman of the Hour,Woman of the Hour,2024,film
Apocalypse Z: The Beginning of the End,Apocalypse Z: The Beginning of the End,2024,film
Terrifier 3,Terrifier 3,2024,film
Fight Another Day,Fight Another Day,2024,film
We Live in Time,We Live in Time,2024,film
Anora,Anora,2024,film
Smile 2,Smile 2,2024,film
Wicked,Wicked,2024,film
Hagen,Hagen,2024,film
LEGO Marvel Avengers: Mission Demolition,LEGO Marvel Avengers: Mission Demolition,2024,film
Memoir of a Snail,Memoir of a Snail,2024,film
Venom: The Last Dance,Venom: The Last Dance,2024,film
Don't Move,Don't Move,2024,film
Parthenope,Parthenope,2024,film
Conclave,Conclave,2024,film
Young Hearts,Young Hearts,2024,film
Juror #2,Juror #2,2024,film
Heretic,Heretic,2024,film
Red One,Red One,2024,film
Absolution,Absolution,2024,film
Elevation,Elevation,2024,film
Paddington in Peru,Paddington in Peru,2024,film
September 5,September 5,2024,film
Gladiator II,Gladiator II,2024,film
Milliarden Mike,Milliarden Mike,2024,film
Moana 2,Moana 2,2024,film
Raqqa: Spy vs. Spy,Raqqa: Spy vs. Spy,2024,film
Dear Santa,Dear Santa,2024,film
Solo Leveling -ReAwakening-,Solo Leveling -ReAwakening-,2024,film
The Order,The Order,2024,film
Carry-On,Carry-On,2024,film
The Lord of the Rings: The War of the Rohirrim,The Lord of the Rings: The War of the Rohirrim,2024,film
The Prosecutor,The Prosecutor,2024,film
Kraven the Hunter,Kraven the Hunter,2024,film
Dirty Angels,Dirty Angels,2024,film
River of Blood,River of Blood,2024,film
Mufasa: The Lion King,Mufasa: The Lion King,2024,film
Sonic the Hedgehog 3,Sonic the Hedgehog 3,2024,film
The Brutalist,The Brutalist,2024,film
Nosferatu,Nosferatu,2024,film
Babygirl,Babygirl,2024,film
Den of Thieves 2: Pantera,Den of Thieves 2: Pantera,2025,film
Back in Action,Back in Action,2025,film
William Tell,William Tell,2025,film
Sniper: The Last Stand,Sniper: The Last Stand,2025,film
Companion,Companion,2025,film
Flight Risk,Flight Risk,2025,film
The Three Investigators and the Carpathian Dog,The Three Investigators and the Carpathian Dog,2025,film
The Alabama Solution,The Alabama Solution,2025,film
Ne Zha 2,Ne Zha 2,2025,film
Valiant One,Valiant One,2025,film
Bridget Jones: Mad About the Boy,Bridget Jones: Mad About the Boy,2025,film
Captain America: Brave New World,Captain America: Brave New World,2025,film
The Gorge,The Gorge,2025,film
More Beautiful,More Beautiful,2025,film
Hidden Uganda,Hidden Uganda,2025,film
Cleaner,Cleaner,2025,film
A Girl Named Willow,A Girl Named Willow,2025,film
Last Breath,Last Breath,2025,film
Mickey 17,Mickey 17,2025,film
Five Nights at Freddy's,Five Nights at Freddy's,2023,film
Priscilla,Priscilla,2023,film
South Park: Joining the Panderverse,South Park: Joining the Panderverse,2023,film
The American,The American,2023,film
Godzilla Minus One,Godzilla Minus One,2023,film
The Marvels,The Marvels,2023,film
Christmas on Cobbler Street,Christmas on Cobbler Street,2023,film
The Hunger Games: The Ballad of Songbirds & Snakes,The Hunger Games: The Ballad of Songbirds & Snakes,2023,film
Thanksgiving,Thanksgiving,2023,film
Napoleon,Napoleon,2023,film
Little Bone Lodge,Little Bone Lodge,2023,film
V/H/S/85,V/H/S/85,2023,film
Due Justice,Due Justice,2023,film
Candy Cane Lane,Candy Cane Lane,2023,film
Silent Night,Silent Night,2023,film
Migration,Migration,2023,film
Suddenly,Suddenly,2023,film
Poor Things,Poor Things,2023,film
Wonka,Wonka,2023,film
Chicken Run: Dawn of the Nugget,Chicken Run: Dawn of the Nugget,2023,film
Ferrari,Ferrari,2023,film
The Three Musketeers: Milady,The Three Musketeers: Milady,2023,film
Adagio,Adagio,2023,film
The Family Plan,The Family Plan,2023,film
Role Play,Role Play,2023,film
The Zone of Interest,The Zone of Interest,2023,film
Society of the Snow,Society of the Snow,2023,film
Rebel Moon - Part One: A Child of Fire,Rebel Moon - Part One: A Child of Fire,2023,film
Aquaman and the Lost Kingdom,Aquaman and the Lost Kingdom,2023,film
Anyone But You,Anyone But You,2023,film
All of Us Strangers,All of Us Strangers,2023,film
The Boys in the Boat,The Boys in the Boat,2023,film
Baghead,Baghead,2023,film
Night Swim,Night Swim,2024,film
The Beekeeper,The Beekeeper,2024,film
Miller's Girl,Miller's Girl,2024,film
The Master and Margarita,The Master and Margarita,2024,film
Gone Before His Time: Kobe Bryant,Gone Before His Time: Kobe Bryant,2024,film
Argylle,Argylle,2024,film
Boundless,Boundless,2024,film
FLOW,FLOW,2024,film
A Million Minutes,A Million Minutes,2024,film
Upgraded,Upgraded,2024,film
Marmalade,Marmalade,2024,film
Land of Bad,Land of Bad,2024,film
Bob Marley: One Love,Bob Marley: One Love,2024,film
Becoming Navalny,Becoming Navalny,2024,film
Arthur the King,Arthur the King,2024,film
Red Right Hand,Red Right Hand,2024,film
Spaceman,Spaceman,2024,film
Dune: Part Two,Dune: Part Two,2024,film
Code 8 Part II,Code 8 Part II,2024,film
Kung Fu Panda 4,Kung Fu Panda 4,2024,film
Damsel,Damsel,2024,film
Love Lies Bleeding,Love Lies Bleeding,2024,film
Ricky Stanicky,Ricky Stanicky,2024,film
Road House,Road House,2024,film
Snack Shack,Snack Shack,2024,film
Late Night with the Devil,Late Night with the Devil,2024,film
Ghostbusters: Frozen Empire,Ghostbusters: Frozen Empire,2024,film
Immaculate,Immaculate,2024,film
Scoop,Scoop,2024,film
Godzilla x Kong: The New Empire,Godzilla x Kong: The New Empire,2024,film
Monkey Man,Monkey Man,2024,film
The Tearsmith,The Tearsmith,2024,film
Back to Black,Back to Black,2024,film
Civil War,Civil War,2024,film
Sting,Sting,2024,film
Abigail,Abigail,2024,film
Challengers,Challengers,2024,film
The Ministry of Ungentlemanly Warfare,The Ministry of Ungentlemanly Warfare,2024,film
Blood for Dust,Blood for Dust,2024,film
Rebel Moon - Part Two: The Scargiver,Rebel Moon - Part Two: The Scargiver,2024,film
Boy Kills World,Boy Kills World,2024,film
The Fall Guy,The Fall Guy,2024,film
The Soul Eater,The Soul Eater,2024,film
Black Mold,Black Mold,2024,film
Unfrosted,Unfrosted,2024,film
The Idea of You,The Idea of You,2024,film
Tarot,Tarot,2024,film
Kingdom of the Planet of the Apes,Kingdom of the Planet of the Apes,2024,film
The Last Stop in Yuma County,The Last Stop in Yuma County,2024,film
The Strangers: Chapter 1,The Strangers: Chapter 1,2024,film
Furiosa: A Mad Max Saga,Furiosa: A Mad Max Saga,2024,film
Atlas,Atlas,2024,film
South Park: The End of Obesity,South Park: The End of Obesity,2024,film
Colors of Evil: Red,Colors of Evil: Red,2024,film
Kinds of Kindness,Kinds of Kindness,2024,film
Young Woman and the Sea,Young Woman and the Sea,2024,film
How to Rob a Bank,How to Rob a Bank,2024,film
Bad Boys: Ride or Die,Bad Boys: Ride or Die,2024,film
The Watchers,The Watchers,2024,film
Life After Fighting,Life After Fighting,2024,film
Avicii - I'm Tim,Avicii - I'm Tim,2024,film
Inside Out 2,Inside Out 2,2024,film
Latency,Latency,2024,film
Wild Wild Space,Wild Wild Space,2024,film
Beverly Hills Cop: Axel F,Beverly Hills Cop: Axel F,2024,film
Despicable Me 4,Despicable Me 4,2024,film
Trigger Warning,Trigger Warning,2024,film
Knock at the Cabin,Knock at the Cabin,2023,film
Butcher's Crossing,Butcher's Crossing,2023,film
BlackBerry,BlackBerry,2023,film
Ant-Man and the Wasp: Quantumania,Ant-Man and the Wasp: Quantumania,2023,film
Creed III,Creed III,2023,film
Sun and Concrete,Sun and Concrete,2023,film
65,65,2023,film
Scream VI,Scream VI,2023,film
Last Night of Amore,Last Night of Amore,2023,film
Money Shot: The Pornhub Story,Money Shot: The Pornhub Story,2023,film
Tetris,Tetris,2023,film
Boston Strangler,Boston Strangler,2023,film
John Wick: Chapter 4,John Wick: Chapter 4,2023,film
Dungeons & Dragons: Honor Among Thieves,Dungeons & Dragons: Honor Among Thieves,2023,film
Phantom,Phantom,2023,film
"Manta, Manta: Legacy","Manta, Manta: Legacy",2023,film
Malum,Malum,2023,film
The Pope's Exorcist,The Pope's Exorcist,2023,film
The Three Musketeers: D'Artagnan,The Three Musketeers: D'Artagnan,2023,film
Air,Air,2023,film
The Super Mario Bros. Movie,The Super Mario Bros. Movie,2023,film
To Catch a Killer,To Catch a Killer,2023,film
Renfield,Renfield,2023,film
Evil Dead Rise,Evil Dead Rise,2023,film
Darkland: The Return,Darkland: The Return,2023,film
Beau Is Afraid,Beau Is Afraid,2023,film
The Last Kingdom: Seven Kings Must Die,The Last Kingdom: Seven Kings Must Die,2023,film
Guy Ritchie's The Covenant,Guy Ritchie's The Covenant,2023,film
Afire,Afire,2023,film
Big George Foreman,Big George Foreman,2023,film
Sniper: G.R.I.T. - Global Response & Intelligence Team,Sniper: G.R.I.T. - Global Response & Intelligence Team,2023,film
Guardians of the Galaxy Vol. 3,Guardians of the Galaxy Vol. 3,2023,film
The Teachers' Lounge,The Teachers' Lounge,2023,film
Mercy,Mercy,2023,film
Fast X,Fast X,2023,film
Kandahar,Kandahar,2023,film
Spider-Man: Across the Spider-Verse,Spider-Man: Across the Spider-Verse,2023,film
Past Lives,Past Lives,2023,film
Transformers: Rise of the Beasts,Transformers: Rise of the Beasts,2023,film
Extraction 2,Extraction 2,2023,film
Milli Vanilli,Milli Vanilli,2023,film
The Flash,The Flash,2023,film
Elemental,Elemental,2023,film
No Hard Feelings,No Hard Feelings,2023,film
Joy Ride,Joy Ride,2023,film
Indiana Jones and the Dial of Destiny,Indiana Jones and the Dial of Destiny,2023,film
Kidnapped - 14 Days of Survival,Kidnapped - 14 Days of Survival,2023,film
Mayhem!,Mayhem!,2023,film
Sound of Freedom,Sound of Freedom,2023,film
Insidious: The Red Door,Insidious: The Red Door,2023,film
The Lesson,The Lesson,2023,film
Mission: Impossible - Dead Reckoning Part One,Mission: Impossible - Dead Reckoning Part One,2023,film
The Boy and the Heron,The Boy and the Heron,2023,film
20 Days in Mariupol,20 Days in Mariupol,2023,film
The Channel,The Channel,2023,film
Oppenheimer,Oppenheimer,2023,film
Barbie,Barbie,2023,film
Talk to Me,Talk to Me,2023,film
Haunted Mansion,Haunted Mansion,2023,film
Teenage Mutant Ninja Turtles: Mutant Mayhem,Teenage Mutant Ninja Turtles: Mutant Mayhem,2023,film
Meg 2: The Trench,Meg 2: The Trench,2023,film
The Last Voyage of the Demeter,The Last Voyage of the Demeter,2023,film
Animalia,Animalia,2023,film
Gran Turismo,Gran Turismo,2023,film
Abducted by My Teacher: The Elizabeth Thomas Story,Abducted by My Teacher: The Elizabeth Thomas Story,2023,film
A Man of Reason,A Man of Reason,2023,film
Blue Beetle,Blue Beetle,2023,film
T.I.M.,T.I.M.,2023,film
Anatomy of a Fall,Anatomy of a Fall,2023,film
Fremont,Fremont,2023,film
Bottoms,Bottoms,2023,film
The Equalizer 3,The Equalizer 3,2023,film
The Caine Mutiny Court-Martial,The Caine Mutiny Court-Martial,2023,film
The Nun II,The Nun II,2023,film
Finestkind,Finestkind,2023,film
A Million Miles Away,A Million Miles Away,2023,film
After Everything,After Everything,2023,film
A Haunting in Venice,A Haunting in Venice,2023,film
Last Summer,Last Summer,2023,film
Dumb Money,Dumb Money,2023,film
All the Names of God,All the Names of God,2023,film
Expend4bles,Expend4bles,2023,film
The Jester,The Jester,2023,film
Forgotten Love,Forgotten Love,2023,film
The Creator,The Creator,2023,film
Dogman,Dogman,2023,film
Saw X,Saw X,2023,film
57 Seconds,57 Seconds,2023,film
The Marsh King's Daughter,The Marsh King's Daughter,2023,film
Reptile,Reptile,2023,film
Muzzle,Muzzle,2023,film
Nowhere,Nowhere,2023,film
Monster High 2,Monster High 2,2023,film
The Promised Land,The Promised Land,2023,film
Freelance,Freelance,2023,film
In the Land of Saints and Sinners,In the Land of Saints and Sinners,2023,film
Elon Musk’s Twitter Takeover,Elon Musk’s Twitter Takeover,2023,film
Anselm,Anselm,2023,film
Killers of the Flower Moon,Killers of the Flower Moon,2023,film
Old Dads,Old Dads,2023,film
The Lost City,The Lost City,2022,film
Everything Everywhere All at Once,Everything Everywhere All at Once,2022,film
RRR,RRR,2022,film
Sonic the Hedgehog 2,Sonic the Hedgehog 2,2022,film
Fantastic Beasts: The Secrets of Dumbledore,Fantastic Beasts: The Secrets of Dumbledore,2022,film
The Northman,The Northman,2022,film
Father Stu,Father Stu,2022,film
The Unbearable Weight of Massive Talent,The Unbearable Weight of Massive Talent,2022,film
Downton Abbey: A New Era,Downton Abbey: A New Era,2022,film
Doctor Strange in the Multiverse of Madness,Doctor Strange in the Multiverse of Madness,2022,film
The Quiet Girl,The Quiet Girl,2022,film
Men,Men,2022,film
Top Gun: Maverick,Top Gun: Maverick,2022,film
Crimes of the Future,Crimes of the Future,2022,film
Immenhof - Das große Versprechen,Immenhof - Das große Versprechen,2022,film
South Park the Streaming Wars,South Park the Streaming Wars,2022,film
Jurassic World Dominion,Jurassic World Dominion,2022,film
Spiderhead,Spiderhead,2022,film
The Black Phone,The Black Phone,2022,film
Die Geschichte der Menschheit - leicht gekürzt,Die Geschichte der Menschheit - leicht gekürzt,2022,film
The Last Client,The Last Client,2022,film
Elvis,Elvis,2022,film
Animals,Animals,2022,film
Thor: Love and Thunder,Thor: Love and Thunder,2022,film
Bill Burr: Live at Red Rocks,Bill Burr: Live at Red Rocks,2022,film
The Gray Man,The Gray Man,2022,film
The Night of the 12th,The Night of the 12th,2022,film
Where the Crawdads Sing,Where the Crawdads Sing,2022,film
Thirteen Lives,Thirteen Lives,2022,film
Alone Together,Alone Together,2022,film
Prey,Prey,2022,film
Bullet Train,Bullet Train,2022,film
Luck,Luck,2022,film
Fall,Fall,2022,film
Day Shift,Day Shift,2022,film
Secret Headquarters,Secret Headquarters,2022,film
Sniper: Rogue Mission,Sniper: Rogue Mission,2022,film
Vesper,Vesper,2022,film
After Ever Happy,After Ever Happy,2022,film
Wire Room,Wire Room,2022,film
Kompromat,Kompromat,2022,film
Pinocchio,Pinocchio,2022,film
Weird: The Al Yankovic Story,Weird: The Al Yankovic Story,2022,film
Broad Peak,Broad Peak,2022,film
Sisu,Sisu,2022,film
The Hanging Sun,The Hanging Sun,2022,film
Jeepers Creepers: Reborn,Jeepers Creepers: Reborn,2022,film
Pearl,Pearl,2022,film
V/H/S/99,V/H/S/99,2022,film
Don't Worry Darling,Don't Worry Darling,2022,film
The Greatest Beer Run Ever,The Greatest Beer Run Ever,2022,film
Smile,Smile,2022,film
Amsterdam,Amsterdam,2022,film
Minions & More Volume 1,Minions & More Volume 1,2022,film
"Oswald, the Forger","Oswald, the Forger",2022,film
Terrifier 2,Terrifier 2,2022,film
Battle for the Western Front,Battle for the Western Front,2022,film
Love Machine 2,Love Machine 2,2022,film
Monster High: The Movie,Monster High: The Movie,2022,film
All Quiet on the Western Front,All Quiet on the Western Front,2022,film
Accident Man: Hitman's Holiday,Accident Man: Hitman's Holiday,2022,film
The Banshees of Inisherin,The Banshees of Inisherin,2022,film
Family Affairs,Family Affairs,2022,film
Jerry & Marge Go Large,Jerry & Marge Go Large,2022,film
Aftersun,Aftersun,2022,film
Causeway,Causeway,2022,film
Eismayer,Eismayer,2022,film
Rhinegold,Rhinegold,2022,film
Hui Buh and the Witch's Castle,Hui Buh and the Witch's Castle,2022,film
Minions & More 2,Minions & More 2,2022,film
Black Panther: Wakanda Forever,Black Panther: Wakanda Forever,2022,film
Guillermo del Toro's Pinocchio,Guillermo del Toro's Pinocchio,2022,film
The Son,The Son,2022,film
The Fabelmans,The Fabelmans,2022,film
Lamborghini: The Man Behind the Legend,Lamborghini: The Man Behind the Legend,2022,film
The Menu,The Menu,2022,film
What Killed the Roman Empire?,What Killed the Roman Empire?,2022,film
Devotion,Devotion,2022,film
Glass Onion: A Knives Out Mystery,Glass Onion: A Knives Out Mystery,2022,film
That Time I Got Reincarnated as a Slime the Movie: Scarlet Bond,That Time I Got Reincarnated as a Slime the Movie: Scarlet Bond,2022,film
That Time I Got Reincarnated as a Slime the Movie: Scarlet Bond,That Time I Got Reincarnated as a Slime the Movie: Scarlet Bond,2022,film
Enola Holmes 2,Enola Holmes 2,2022,film
The Boss Baby: Christmas Bonus,The Boss Baby: Christmas Bonus,2022,film
Puss in Boots: The Last Wish,Puss in Boots: The Last Wish,2022,film
The Whale,The Whale,2022,film
Avatar: The Way of Water,Avatar: The Way of Water,2022,film
The Pale Blue Eye,The Pale Blue Eye,2022,film
Babylon,Babylon,2022,film
A Man Called Otto,A Man Called Otto,2022,film
M3GAN,M3GAN,2022,film
Operation Fortune: Ruse de Guerre,Operation Fortune: Ruse de Guerre,2023,film
Father & Soldier,Father & Soldier,2023,film
Plane,Plane,2023,film
Sakra,Sakra,2023,film
Missing,Missing,2023,film
Teen Wolf: The Movie,Teen Wolf: The Movie,2023,film
The Wandering Earth II,The Wandering Earth II,2023,film
Operation Napoleon,Operation Napoleon,2023,film
Infinity Pool,Infinity Pool,2023,film
Asterix & Obelix: The Middle Kingdom,Asterix & Obelix: The Middle Kingdom,2023,film
Zack Snyder's Justice League,Zack Snyder's Justice League,2021,film
A Dog Named Palma,A Dog Named Palma,2021,film
Nobody,Nobody,2021,film
Godzilla vs. Kong,Godzilla vs. Kong,2021,film
Seaspiracy,Seaspiracy,2021,film
Mortal Kombat,Mortal Kombat,2021,film
Wrath of Man,Wrath of Man,2021,film
Tom Clancy's Without Remorse,Tom Clancy's Without Remorse,2021,film
Those Who Wish Me Dead,Those Who Wish Me Dead,2021,film
Spiral: From the Book of Saw,Spiral: From the Book of Saw,2021,film
Army of the Dead,Army of the Dead,2021,film
F9,F9,2021,film
A Quiet Place Part II,A Quiet Place Part II,2021,film
The Conjuring: The Devil Made Me Do It,The Conjuring: The Devil Made Me Do It,2021,film
Cruella,Cruella,2021,film
The Marco Effect,The Marco Effect,2021,film
Hitman's Wife's Bodyguard,Hitman's Wife's Bodyguard,2021,film
Luca,Luca,2021,film
The Ice Road,The Ice Road,2021,film
The Forever Purge,The Forever Purge,2021,film
The Boss Baby: Family Business,The Boss Baby: Family Business,2021,film
Black Widow,Black Widow,2021,film
Benedetta,Benedetta,2021,film
Fear Street Part 3: 1666,Fear Street Part 3: 1666,2021,film
The Medium,The Medium,2021,film
Jolt,Jolt,2021,film
Pig,Pig,2021,film
Snake Eyes: G.I. Joe Origins,Snake Eyes: G.I. Joe Origins,2021,film
Blood Red Sky,Blood Red Sky,2021,film
Kingdom: Ashin of the North,Kingdom: Ashin of the North,2021,film
Settlers,Settlers,2021,film
Jungle Cruise,Jungle Cruise,2021,film
The Suicide Squad,The Suicide Squad,2021,film
The Green Knight,The Green Knight,2021,film
Stillwater,Stillwater,2021,film
PAW Patrol: The Movie,PAW Patrol: The Movie,2021,film
Free Guy,Free Guy,2021,film
Don't Breathe 2,Don't Breathe 2,2021,film
Candyman,Candyman,2021,film
The Colony,The Colony,2021,film
The Voyeurs,The Voyeurs,2021,film
Shang-Chi and the Legend of the Ten Rings,Shang-Chi and the Legend of the Ten Rings,2021,film
After We Fell,After We Fell,2021,film
Malignant,Malignant,2021,film
The Tomorrow War,The Tomorrow War,2021,film
Copshop,Copshop,2021,film
Kate,Kate,2021,film
Dune,Dune,2021,film
Margrete: Queen of the North,Margrete: Queen of the North,2021,film
The Guilty,The Guilty,2021,film
V/H/S/94,V/H/S/94,2021,film
No Time to Die,No Time to Die,2021,film
Old Henry,Old Henry,2021,film
The Peppercorns and the Secret of the Deep Sea,The Peppercorns and the Secret of the Deep Sea,2021,film
Venom: Let There Be Carnage,Venom: Let There Be Carnage,2021,film
Pleasure,Pleasure,2021,film
The Rescue,The Rescue,2021,film
The Last Duel,The Last Duel,2021,film
Last Night in Soho,Last Night in Soho,2021,film
The Electrical Life of Louis Wain,The Electrical Life of Louis Wain,2021,film
The Harder They Fall,The Harder They Fall,2021,film
Army of Thieves,Army of Thieves,2021,film
Compartment No. 6,Compartment No. 6,2021,film
Eternals,Eternals,2021,film
Spencer,Spencer,2021,film
Ghostbusters: Afterlife,Ghostbusters: Afterlife,2021,film
Pups Alone,Pups Alone,2021,film
House of Gucci,House of Gucci,2021,film
The Ambush,The Ambush,2021,film
Licorice Pizza,Licorice Pizza,2021,film
Sing 2,Sing 2,2021,film
Don't Look Up,Don't Look Up,2021,film
Spider-Man: No Way Home,Spider-Man: No Way Home,2021,film
The Matrix Resurrections,The Matrix Resurrections,2021,film
The King's Man,The King's Man,2021,film
Harry Potter 20th Anniversary: Return to Hogwarts,Harry Potter 20th Anniversary: Return to Hogwarts,2022,film
Scream,Scream,2022,film
Special Delivery,Special Delivery,2022,film
Shattered,Shattered,2022,film
The Ice Age Adventures of Buck Wild,The Ice Age Adventures of Buck Wild,2022,film
Sundown,Sundown,2022,film
Hotel Transylvania: Transformania,Hotel Transylvania: Transformania,2022,film
Wunderschön,Wunderschön,2022,film
Death on the Nile,Death on the Nile,2022,film
Uncharted,Uncharted,2022,film
Kimi,Kimi,2022,film
Dog,Dog,2022,film
Hanau: Germany in Winter,Hanau: Germany in Winter,2022,film
The Outfit,The Outfit,2022,film
The Batman,The Batman,2022,film
Zero Fucks Given,Zero Fucks Given,2022,film
Fresh,Fresh,2022,film
Turning Red,Turning Red,2022,film
The Adam Project,The Adam Project,2022,film
The Contractor,The Contractor,2022,film
Speak No Evil,Speak No Evil,2022,film
X,X,2022,film
The Bad Guys,The Bad Guys,2022,film
Deep Water,Deep Water,2022,film
Incantation,Incantation,2022,film
The King,The King,2019,film
A Cinderella Story: Christmas Wish,A Cinderella Story: Christmas Wish,2019,film
Maleficent: Mistress of Evil,Maleficent: Mistress of Evil,2019,film
The Spy,The Spy,2019,film
Terminator: Dark Fate,Terminator: Dark Fate,2019,film
Black and Blue,Black and Blue,2019,film
The Perfect Secret,The Perfect Secret,2019,film
The Irishman,The Irishman,2019,film
Harriet,Harriet,2019,film
Midway,Midway,2019,film
La Belle Époque,La Belle Époque,2019,film
Klaus,Klaus,2019,film
Playing with Fire,Playing with Fire,2019,film
Pets United,Pets United,2019,film
The Rifleman,The Rifleman,2019,film
Ford v Ferrari,Ford v Ferrari,2019,film
Dark Waters,Dark Waters,2019,film
Knives Out,Knives Out,2019,film
Jumanji: The Next Level,Jumanji: The Next Level,2019,film
Code 8,Code 8,2019,film
6 Underground,6 Underground,2019,film
Bombshell,Bombshell,2019,film
Richard Jewell,Richard Jewell,2019,film
Star Wars: The Rise of Skywalker,Star Wars: The Rise of Skywalker,2019,film
Ip Man 4: The Finale,Ip Man 4: The Finale,2019,film
Togo,Togo,2019,film
Little Women,Little Women,2019,film
1917,1917,2019,film
Just Mercy,Just Mercy,2019,film
Line of Duty,Line of Duty,2019,film
The Gentlemen,The Gentlemen,2020,film
My Spy,My Spy,2020,film
Bad Boys for Life,Bad Boys for Life,2020,film
Color Out of Space,Color Out of Space,2020,film
Adú,Adú,2020,film
Birds of Prey (and the Fantabulous Emancipation of One Harley Quinn),Birds of Prey (and the Fantabulous Emancipation of One Harley Quinn),2020,film
Sonic the Hedgehog,Sonic the Hedgehog,2020,film
The Call of the Wild,The Call of the Wild,2020,film
Brahms: The Boy II,Brahms: The Boy II,2020,film
Kalashnikov AK-47,Kalashnikov AK-47,2020,film
Guns Akimbo,Guns Akimbo,2020,film
Fukushima 50,Fukushima 50,2020,film
Escape from Pretoria,Escape from Pretoria,2020,film
The Banker,The Banker,2020,film
The Hunt,The Hunt,2020,film
I Still Believe,I Still Believe,2020,film
The New Mutants,The New Mutants,2020,film
The Secret: Dare to Dream,The Secret: Dare to Dream,2020,film
Persian Lessons,Persian Lessons,2020,film
Extraction,Extraction,2020,film
The Willoughbys,The Willoughbys,2020,film
The Legion,The Legion,2020,film
The Wrong Missy,The Wrong Missy,2020,film
Sniper: Assassin's End,Sniper: Assassin's End,2020,film
Berlin Alexanderplatz,Berlin Alexanderplatz,2020,film
The Old Guard,The Old Guard,2020,film
Greyhound,Greyhound,2020,film
Palm Springs,Palm Springs,2020,film
Unhinged,Unhinged,2020,film
A Nice Girl Like You,A Nice Girl Like You,2020,film
Greenland,Greenland,2020,film
Archive,Archive,2020,film
Project Power,Project Power,2020,film
Tesla,Tesla,2020,film
Tenet,Tenet,2020,film
Deep Blue Sea 3,Deep Blue Sea 3,2020,film
After We Collided,After We Collided,2020,film
My Octopus Teacher,My Octopus Teacher,2020,film
Enola Holmes,Enola Holmes,2020,film
Another Round,Another Round,2020,film
The Trial of the Chicago 7,The Trial of the Chicago 7,2020,film
American Murder: The Family Next Door,American Murder: The Family Next Door,2020,film
Dark Dreamers,Dark Dreamers,2020,film
Lucy Shimmers and the Prince of Peace,Lucy Shimmers and the Prince of Peace,2020,film
Borat Subsequent Moviefilm,Borat Subsequent Moviefilm,2020,film
The Empty Man,The Empty Man,2020,film
Skylines,Skylines,2020,film
Holidate,Holidate,2020,film
Let Him Go,Let Him Go,2020,film
All I Want for Christmas 2,All I Want for Christmas 2,2020,film
The Christmas Chronicles: Part Two,The Christmas Chronicles: Part Two,2020,film
Riders of Justice,Riders of Justice,2020,film
Run,Run,2020,film
The Very Excellent Mr. Dundee,The Very Excellent Mr. Dundee,2020,film
Promising Young Woman,Promising Young Woman,2020,film
Driveways,Driveways,2020,film
Wonder Woman 1984,Wonder Woman 1984,2020,film
Soul,Soul,2020,film
Born a Champion,Born a Champion,2021,film
The Sadness,The Sadness,2021,film
Brothers by Blood,Brothers by Blood,2021,film
Wrong Turn,Wrong Turn,2021,film
The Little Things,The Little Things,2021,film
Palmer,Palmer,2021,film
Nomadland,Nomadland,2021,film
I Care a Lot,I Care a Lot,2021,film
Boss Level,Boss Level,2021,film
Dragonheart: Vengeance,Dragonheart: Vengeance,2021,film
Raya and the Last Dragon,Raya and the Last Dragon,2021,film
Coming 2 America,Coming 2 America,2021,film
The Purity of Vengeance,The Purity of Vengeance,2018,film
The House That Jack Built,The House That Jack Built,2018,film
Pettson and Findus: Findus Moves House,Pettson and Findus: Findus Moves House,2018,film
"Call Sign ""Banderas""","Call Sign ""Banderas""",2018,film
Malevolence 3: Killer,Malevolence 3: Killer,2018,film
Beautiful Boy,Beautiful Boy,2018,film
How About Adolf?,How About Adolf?,2018,film
Hunter Killer,Hunter Killer,2018,film
Bohemian Rhapsody,Bohemian Rhapsody,2018,film
The Girl in the Spider's Web,The Girl in the Spider's Web,2018,film
Robin Hood,Robin Hood,2018,film
Widows,Widows,2018,film
All I Want for Christmas,All I Want for Christmas,2018,film
The Grinch,The Grinch,2018,film
Green Book,Green Book,2018,film
Ralph Breaks the Internet,Ralph Breaks the Internet,2018,film
Creed II,Creed II,2018,film
Arctic,Arctic,2018,film
Bumblebee,Bumblebee,2018,film
The Christmas Chronicles,The Christmas Chronicles,2018,film
Mirage,Mirage,2018,film
Spider-Man: Into the Spider-Verse,Spider-Man: Into the Spider-Verse,2018,film
Aquaman,Aquaman,2018,film
The Mule,The Mule,2018,film
Master Z: Ip Man Legacy,Master Z: Ip Man Legacy,2018,film
Vice,Vice,2018,film
Т-34,Т-34,2018,film
Rust Creek,Rust Creek,2019,film
The Invisibles,The Invisibles,2019,film
Glass,Glass,2019,film
The Kid Who Would Be King,The Kid Who Would Be King,2019,film
Immenhof - The Adventure of a Summer,Immenhof - The Adventure of a Summer,2019,film
The Shamer's Daughter 2: The Serpent Gift,The Shamer's Daughter 2: The Serpent Gift,2019,film
Polar,Polar,2019,film
Iron Sky: The Coming Race,Iron Sky: The Coming Race,2019,film
Alita: Battle Angel,Alita: Battle Angel,2019,film
The Lego Movie 2: The Second Part,The Lego Movie 2: The Second Part,2019,film
Cold Pursuit,Cold Pursuit,2019,film
The Queen's Corgi,The Queen's Corgi,2019,film
The Wolf's Call,The Wolf's Call,2019,film
Dragged Across Concrete,Dragged Across Concrete,2019,film
Captain Marvel,Captain Marvel,2019,film
Us,Us,2019,film
Captive State,Captive State,2019,film
Hotel Mumbai,Hotel Mumbai,2019,film
Kazakh Khanate: The Golden Throne,Kazakh Khanate: The Golden Throne,2019,film
Fast Color,Fast Color,2019,film
The Perfect Trap,The Perfect Trap,2019,film
Hellboy,Hellboy,2019,film
After,After,2019,film
The Collini Case,The Collini Case,2019,film
I Spit on Your Grave: Déjà Vu,I Spit on Your Grave: Déjà Vu,2019,film
Avengers: Endgame,Avengers: Endgame,2019,film
Barabbas,Barabbas,2019,film
Pokémon Detective Pikachu,Pokémon Detective Pikachu,2019,film
John Wick: Chapter 3 - Parabellum,John Wick: Chapter 3 - Parabellum,2019,film
Aladdin,Aladdin,2019,film
Booksmart,Booksmart,2019,film
Godzilla: King of the Monsters,Godzilla: King of the Monsters,2019,film
Parasite,Parasite,2019,film
Too Far Away,Too Far Away,2019,film
Dark Phoenix,Dark Phoenix,2019,film
TKKG,TKKG,2019,film
Men in Black: International,Men in Black: International,2019,film
Toy Story 4,Toy Story 4,2019,film
Anna,Anna,2019,film
Escape Plan: The Extractors,Escape Plan: The Extractors,2019,film
Annabelle Comes Home,Annabelle Comes Home,2019,film
Spider-Man: Far From Home,Spider-Man: Far From Home,2019,film
Robert the Bruce,Robert the Bruce,2019,film
Midsommar,Midsommar,2019,film
The Art of Self-Defense,The Art of Self-Defense,2019,film
The Lion King,The Lion King,2019,film
Weathering with You,Weathering with You,2019,film
Once Upon a Time... in Hollywood,Once Upon a Time... in Hollywood,2019,film
A Rainy Day in New York,A Rainy Day in New York,2019,film
Fast & Furious Presents: Hobbs & Shaw,Fast & Furious Presents: Hobbs & Shaw,2019,film
The Art of Racing in the Rain,The Art of Racing in the Rain,2019,film
The County,The County,2019,film
Good Boys,Good Boys,2019,film
Monos,Monos,2019,film
Angel Has Fallen,Angel Has Fallen,2019,film
Ready or Not,Ready or Not,2019,film
The Ash Lad: In Search of the Golden Castle,The Ash Lad: In Search of the Golden Castle,2019,film
Burn,Burn,2019,film
Held for Ransom,Held for Ransom,2019,film
Santa Girl,Santa Girl,2019,film
The Informer,The Informer,2019,film
Uncut Gems,Uncut Gems,2019,film
It Chapter Two,It Chapter Two,2019,film
Bill Burr: Paper Tiger,Bill Burr: Paper Tiger,2019,film
Downton Abbey,Downton Abbey,2019,film
I See You,I See You,2019,film
The Report,The Report,2019,film
The Space Between the Lines,The Space Between the Lines,2019,film
Ad Astra,Ad Astra,2019,film
Rambo: Last Blood,Rambo: Last Blood,2019,film
Three Days and a Life,Three Days and a Life,2019,film
Joker,Joker,2019,film
Zombieland: Double Tap,Zombieland: Double Tap,2019,film
Bullyparade: The Movie,Bullyparade: The Movie,2017,film
American Made,American Made,2017,film
What Happened to Monday,What Happened to Monday,2017,film
Lady Bird,Lady Bird,2017,film
It,It,2017,film
The Peppercorns and the Curse of the Black King,The Peppercorns and the Curse of the Black King,2017,film
Leatherface,Leatherface,2017,film
Haikyu!! The Movie: Talent and Sense,Haikyu!! The Movie: Talent and Sense,2017,film
Kingsman: The Golden Circle,Kingsman: The Golden Circle,2017,film
Only the Brave,Only the Brave,2017,film
The Foreigner,The Foreigner,2017,film
The Ash Lad: In the Hall of the Mountain King,The Ash Lad: In the Hall of the Mountain King,2017,film
Thor: Ragnarok,Thor: Ragnarok,2017,film
Rip Tide,Rip Tide,2017,film
Sniper: Ultimate Kill,Sniper: Ultimate Kill,2017,film
Blade Runner 2049,Blade Runner 2049,2017,film
Cult of Chucky,Cult of Chucky,2017,film
Geostorm,Geostorm,2017,film
Happy Death Day,Happy Death Day,2017,film
Jigsaw,Jigsaw,2017,film
The Girl in the Fog,The Girl in the Fog,2017,film
Beyond Skyline,Beyond Skyline,2017,film
Coco,Coco,2017,film
Marrowbone,Marrowbone,2017,film
Murder on the Orient Express,Murder on the Orient Express,2017,film
Paddington 2,Paddington 2,2017,film
Justice League,Justice League,2017,film
Revenge,Revenge,2017,film
Darkest Hour,Darkest Hour,2017,film
The Shape of Water,The Shape of Water,2017,film
Molly's Game,Molly's Game,2017,film
Jumanji: Welcome to the Jungle,Jumanji: Welcome to the Jungle,2017,film
Star Wars: The Last Jedi,Star Wars: The Last Jedi,2017,film
All the Money in the World,All the Money in the World,2017,film
Bright,Bright,2017,film
Hostiles,Hostiles,2017,film
Insidious: The Last Key,Insidious: The Last Key,2018,film
Maze Runner: The Death Cure,Maze Runner: The Death Cure,2018,film
The Commuter,The Commuter,2018,film
Fifty Shades Freed,Fifty Shades Freed,2018,film
Den of Thieves,Den of Thieves,2018,film
Taxi 5,Taxi 5,2018,film
Terrifier,Terrifier,2018,film
The Current War,The Current War,2018,film
Accident Man,Accident Man,2018,film
Code Geass: Lelouch of the Rebellion II - Transgression,Code Geass: Lelouch of the Rebellion II - Transgression,2018,film
Black Panther,Black Panther,2018,film
Red Sparrow,Red Sparrow,2018,film
Level 16,Level 16,2018,film
Death Wish,Death Wish,2018,film
Tomb Raider,Tomb Raider,2018,film
The Forgiven,The Forgiven,2018,film
Ghostland,Ghostland,2018,film
7 Days in Entebbe,7 Days in Entebbe,2018,film
Pacific Rim: Uprising,Pacific Rim: Uprising,2018,film
"Paul, Apostle of Christ","Paul, Apostle of Christ",2018,film
Ready Player One,Ready Player One,2018,film
A Quiet Place,A Quiet Place,2018,film
Truth or Dare,Truth or Dare,2018,film
Deep Blue Sea 2,Deep Blue Sea 2,2018,film
Avengers: Infinity War,Avengers: Infinity War,2018,film
Deadpool 2,Deadpool 2,2018,film
Solo: A Star Wars Story,Solo: A Star Wars Story,2018,film
The Professor,The Professor,2018,film
Tag,Tag,2018,film
Upgrade,Upgrade,2018,film
Escape Plan 2: Hades,Escape Plan 2: Hades,2018,film
Jurassic World: Fallen Kingdom,Jurassic World: Fallen Kingdom,2018,film
Hereditary,Hereditary,2018,film
Wild Uganda,Wild Uganda,2018,film
Incredibles 2,Incredibles 2,2018,film
Time Trap,Time Trap,2018,film
Sicario: Day of the Soldado,Sicario: Day of the Soldado,2018,film
Hotel Transylvania 3: Summer Vacation,Hotel Transylvania 3: Summer Vacation,2018,film
Ant-Man and the Wasp,Ant-Man and the Wasp,2018,film
The First Purge,The First Purge,2018,film
We,We,2018,film
The Equalizer 2,The Equalizer 2,2018,film
Mamma Mia! Here We Go Again,Mamma Mia! Here We Go Again,2018,film
Zoe,Zoe,2018,film
Billionaire Boys Club,Billionaire Boys Club,2018,film
Mission: Impossible - Fallout,Mission: Impossible - Fallout,2018,film
Under the Silver Lake,Under the Silver Lake,2018,film
The Meg,The Meg,2018,film
Mile 22,Mile 22,2018,film
Searching,Searching,2018,film
The Footballest,The Footballest,2018,film
303 Squadron,303 Squadron,2018,film
I Want to Eat Your Pancreas,I Want to Eat Your Pancreas,2018,film
The Nun,The Nun,2018,film
The Predator,The Predator,2018,film
Outlaw King,Outlaw King,2018,film
Johnny English Strikes Again,Johnny English Strikes Again,2018,film
White Boy Rick,White Boy Rick,2018,film
Capernaum,Capernaum,2018,film
Class Reunion 1.0,Class Reunion 1.0,2018,film
Balloon,Balloon,2018,film
Venom,Venom,2018,film
Free Solo,Free Solo,2018,film
Prospect,Prospect,2018,film
Tunnel,Tunnel,2016,film
Hell or High Water,Hell or High Water,2016,film
Ben-Hur,Ben-Hur,2016,film
War Dogs,War Dogs,2016,film
Greater,Greater,2016,film
Mechanic: Resurrection,Mechanic: Resurrection,2016,film
Your Name.,Your Name.,2016,film
Sully,Sully,2016,film
Bridget Jones's Baby,Bridget Jones's Baby,2016,film
Snowden,Snowden,2016,film
Cardboard Boxer,Cardboard Boxer,2016,film
Mr. Church,Mr. Church,2016,film
A Silent Voice: The Movie,A Silent Voice: The Movie,2016,film
Deepwater Horizon,Deepwater Horizon,2016,film
Hacksaw Ridge,Hacksaw Ridge,2016,film
The Accountant,The Accountant,2016,film
Inferno,Inferno,2016,film
Moana,Moana,2016,film
Jack Reacher: Never Go Back,Jack Reacher: Never Go Back,2016,film
Ouija: Origin of Evil,Ouija: Origin of Evil,2016,film
Doctor Strange,Doctor Strange,2016,film
Welcome to Hartmanns,Welcome to Hartmanns,2016,film
Pettson and Findus: The Best Christmas Ever,Pettson and Findus: The Best Christmas Ever,2016,film
A Street Cat Named Bob,A Street Cat Named Bob,2016,film
Nocturnal Animals,Nocturnal Animals,2016,film
Arrival,Arrival,2016,film
Fantastic Beasts and Where to Find Them,Fantastic Beasts and Where to Find Them,2016,film
Sing,Sing,2016,film
Panfilov's 28 Men,Panfilov's 28 Men,2016,film
Underworld: Blood Wars,Underworld: Blood Wars,2016,film
Miss Sloane,Miss Sloane,2016,film
Pandora,Pandora,2016,film
Hidden Figures,Hidden Figures,2016,film
Patriots Day,Patriots Day,2016,film
Rogue One: A Star Wars Story,Rogue One: A Star Wars Story,2016,film
Fences,Fences,2016,film
The Great Wall,The Great Wall,2016,film
Passengers,Passengers,2016,film
Resident Evil: The Final Chapter,Resident Evil: The Final Chapter,2016,film
Four Against the Bank,Four Against the Bank,2016,film
xXx: Return of Xander Cage,xXx: Return of Xander Cage,2017,film
Lost in London,Lost in London,2017,film
Darkland,Darkland,2017,film
Split,Split,2017,film
T2 Trainspotting,T2 Trainspotting,2017,film
Bill Burr: Walk Your Way Out,Bill Burr: Walk Your Way Out,2017,film
Rings,Rings,2017,film
November,November,2017,film
The Lego Batman Movie,The Lego Batman Movie,2017,film
Fifty Shades Darker,Fifty Shades Darker,2017,film
John Wick: Chapter 2,John Wick: Chapter 2,2017,film
A Cure for Wellness,A Cure for Wellness,2017,film
Get Out,Get Out,2017,film
Logan,Logan,2017,film
Rise of the Warrior Apes,Rise of the Warrior Apes,2017,film
Kong: Skull Island,Kong: Skull Island,2017,film
Raw,Raw,2017,film
The Lost City of Z,The Lost City of Z,2017,film
Beauty and the Beast,Beauty and the Beast,2017,film
Life,Life,2017,film
The Boss Baby,The Boss Baby,2017,film
Ghost in the Shell,Ghost in the Shell,2017,film
Colossal,Colossal,2017,film
Going in Style,Going in Style,2017,film
Gifted,Gifted,2017,film
The Fate of the Furious,The Fate of the Furious,2017,film
Guardians of the Galaxy Vol. 2,Guardians of the Galaxy Vol. 2,2017,film
Alien: Covenant,Alien: Covenant,2017,film
King Arthur: Legend of the Sword,King Arthur: Legend of the Sword,2017,film
The Wizard of Lies,The Wizard of Lies,2017,film
"Khéops, mystérieuses découvertes","Khéops, mystérieuses découvertes",2017,film
Pirates of the Caribbean: Dead Men Tell No Tales,Pirates of the Caribbean: Dead Men Tell No Tales,2017,film
Baywatch,Baywatch,2017,film
Wonder Woman,Wonder Woman,2017,film
Captain Underpants: The First Epic Movie,Captain Underpants: The First Epic Movie,2017,film
It Comes at Night,It Comes at Night,2017,film
Cars 3,Cars 3,2017,film
Despicable Me 3,Despicable Me 3,2017,film
OtherLife,OtherLife,2017,film
Transformers: The Last Knight,Transformers: The Last Knight,2017,film
The Bad Batch,The Bad Batch,2017,film
Bed Bugs,Bed Bugs,2017,film
Jungle,Jungle,2017,film
Baby Driver,Baby Driver,2017,film
Spider-Man: Homecoming,Spider-Man: Homecoming,2017,film
Shot Caller,Shot Caller,2017,film
Dragonheart: Battle for the Heartfire,Dragonheart: Battle for the Heartfire,2017,film
War for the Planet of the Apes,War for the Planet of the Apes,2017,film
American Assassin,American Assassin,2017,film
No Game No Life: Zero,No Game No Life: Zero,2017,film
Dunkirk,Dunkirk,2017,film
Valerian and the City of a Thousand Planets,Valerian and the City of a Thousand Planets,2017,film
Atomic Blonde,Atomic Blonde,2017,film
Detroit,Detroit,2017,film
S.W.A.T.: Under Siege,S.W.A.T.: Under Siege,2017,film
A Taxi Driver,A Taxi Driver,2017,film
Annabelle: Creation,Annabelle: Creation,2017,film
Wind River,Wind River,2017,film
The Hitman's Bodyguard,The Hitman's Bodyguard,2017,film
Logan Lucky,Logan Lucky,2017,film
Pokémon the Movie: Hoopa and the Clash of Ages,Pokémon the Movie: Hoopa and the Clash of Ages,2015,film
Southpaw,Southpaw,2015,film
Mission: Impossible - Rogue Nation,Mission: Impossible - Rogue Nation,2015,film
The Gift,The Gift,2015,film
The3Tails: A Mermaid Adventure,The3Tails: A Mermaid Adventure,2015,film
Fantastic Four,Fantastic Four,2015,film
The 33,The 33,2015,film
The Man from U.N.C.L.E.,The Man from U.N.C.L.E.,2015,film
Z for Zachariah,Z for Zachariah,2015,film
Sinister 2,Sinister 2,2015,film
Hitman: Agent 47,Hitman: Agent 47,2015,film
The Transporter Refueled,The Transporter Refueled,2015,film
Eye in the Sky,Eye in the Sky,2015,film
Maze Runner: The Scorch Trials,Maze Runner: The Scorch Trials,2015,film
Everest,Everest,2015,film
Legend,Legend,2015,film
The Visit,The Visit,2015,film
Black Mass,Black Mass,2015,film
Sicario,Sicario,2015,film
Haikyu!! the Movie: The Winner and the Loser,Haikyu!! the Movie: The Winner and the Loser,2015,film
Hotel Transylvania 2,Hotel Transylvania 2,2015,film
The Intern,The Intern,2015,film
The Martian,The Martian,2015,film
I Spit on Your Grave III: Vengeance Is Mine,I Spit on Your Grave III: Vengeance Is Mine,2015,film
Steve Jobs,Steve Jobs,2015,film
Bridge of Spies,Bridge of Spies,2015,film
The Lobster,The Lobster,2015,film
Paranormal Activity: The Ghost Dimension,Paranormal Activity: The Ghost Dimension,2015,film
Bone Tomahawk,Bone Tomahawk,2015,film
Spectre,Spectre,2015,film
Spotlight,Spotlight,2015,film
Concussion,Concussion,2015,film
The Good Dinosaur,The Good Dinosaur,2015,film
The Hunger Games: Mockingjay - Part 2,The Hunger Games: Mockingjay - Part 2,2015,film
Creed,Creed,2015,film
Halo: The Fall of Reach,Halo: The Fall of Reach,2015,film
I Am Dragon,I Am Dragon,2015,film
Land of Mine,Land of Mine,2015,film
The Big Short,The Big Short,2015,film
Star Wars: The Force Awakens,Star Wars: The Force Awakens,2015,film
"Help, I Shrunk My Teacher","Help, I Shrunk My Teacher",2015,film
Joy,Joy,2015,film
I'm Off Then,I'm Off Then,2015,film
Ip Man 3,Ip Man 3,2015,film
The Revenant,The Revenant,2015,film
The Hateful Eight,The Hateful Eight,2015,film
The 5th Wave,The 5th Wave,2016,film
13 Hours: The Secret Soldiers of Benghazi,13 Hours: The Secret Soldiers of Benghazi,2016,film
The Bronze,The Bronze,2016,film
The Boy,The Boy,2016,film
Exposed,Exposed,2016,film
Kung Fu Panda 3,Kung Fu Panda 3,2016,film
Zoolander 2,Zoolander 2,2016,film
Deadpool,Deadpool,2016,film
Zootopia,Zootopia,2016,film
Risen,Risen,2016,film
The Witch,The Witch,2016,film
Race,Race,2016,film
Mr. Right,Mr. Right,2016,film
A Conspiracy of Faith,A Conspiracy of Faith,2016,film
London Has Fallen,London Has Fallen,2016,film
Allegiant,Allegiant,2016,film
10 Cloverfield Lane,10 Cloverfield Lane,2016,film
Brimstone,Brimstone,2016,film
Miracles from Heaven,Miracles from Heaven,2016,film
Ice Age: The Great Egg-Scapade,Ice Age: The Great Egg-Scapade,2016,film
Batman v Superman: Dawn of Justice,Batman v Superman: Dawn of Justice,2016,film
The Huntsman: Winter's War,The Huntsman: Winter's War,2016,film
Criminal,Criminal,2016,film
Demolition,Demolition,2016,film
The Invitation,The Invitation,2016,film
The Man Who Knew Infinity,The Man Who Knew Infinity,2016,film
Green Room,Green Room,2016,film
Bastille Day,Bastille Day,2016,film
Captain America: Civil War,Captain America: Civil War,2016,film
Neighbors 2: Sorority Rising,Neighbors 2: Sorority Rising,2016,film
The Wailing,The Wailing,2016,film
Kill Command,Kill Command,2016,film
The Nice Guys,The Nice Guys,2016,film
X-Men: Apocalypse,X-Men: Apocalypse,2016,film
Warcraft,Warcraft,2016,film
Alice Through the Looking Glass,Alice Through the Looking Glass,2016,film
Teenage Mutant Ninja Turtles: Out of the Shadows,Teenage Mutant Ninja Turtles: Out of the Shadows,2016,film
Me Before You,Me Before You,2016,film
Back to Mom's,Back to Mom's,2016,film
The Handmaiden,The Handmaiden,2016,film
Now You See Me 2,Now You See Me 2,2016,film
The Conjuring 2,The Conjuring 2,2016,film
Don't Breathe,Don't Breathe,2016,film
Finding Dory,Finding Dory,2016,film
Independence Day: Resurgence,Independence Day: Resurgence,2016,film
The Purge: Election Year,The Purge: Election Year,2016,film
Star Trek Beyond,Star Trek Beyond,2016,film
Emerald Green,Emerald Green,2016,film
Captain Fantastic,Captain Fantastic,2016,film
Jason Bourne,Jason Bourne,2016,film
Shin Godzilla,Shin Godzilla,2016,film
Sniper: Ghost Shooter,Sniper: Ghost Shooter,2016,film
Suicide Squad,Suicide Squad,2016,film
Pete's Dragon,Pete's Dragon,2016,film
The Amazing Spider-Man 2,The Amazing Spider-Man 2,2014,film
Neighbors,Neighbors,2014,film
Godzilla,Godzilla,2014,film
X-Men: Days of Future Past,X-Men: Days of Future Past,2014,film
The Homesman,The Homesman,2014,film
The Babadook,The Babadook,2014,film
Edge of Tomorrow,Edge of Tomorrow,2014,film
Maleficent,Maleficent,2014,film
The Fault in Our Stars,The Fault in Our Stars,2014,film
22 Jump Street,22 Jump Street,2014,film
Boyhood,Boyhood,2014,film
What We Do in the Shadows,What We Do in the Shadows,2014,film
Transformers: Age of Extinction,Transformers: Age of Extinction,2014,film
Dawn of the Planet of the Apes,Dawn of the Planet of the Apes,2014,film
The Purge: Anarchy,The Purge: Anarchy,2014,film
Planes: Fire & Rescue,Planes: Fire & Rescue,2014,film
Wir sind die Neuen,Wir sind die Neuen,2014,film
I Origins,I Origins,2014,film
Lucy,Lucy,2014,film
A Most Wanted Man,A Most Wanted Man,2014,film
Guardians of the Galaxy,Guardians of the Galaxy,2014,film
The Hundred-Foot Journey,The Hundred-Foot Journey,2014,film
The Expendables 3,The Expendables 3,2014,film
Teenage Mutant Ninja Turtles,Teenage Mutant Ninja Turtles,2014,film
Sin City: A Dame to Kill For,Sin City: A Dame to Kill For,2014,film
Wrong Turn 6: Last Resort,Wrong Turn 6: Last Resort,2014,film
Predestination,Predestination,2014,film
The Green Inferno,The Green Inferno,2014,film
The Good Lie,The Good Lie,2014,film
The Maze Runner,The Maze Runner,2014,film
The Drop,The Drop,2014,film
Tusk,Tusk,2014,film
The Equalizer,The Equalizer,2014,film
Who Am I,Who Am I,2014,film
Dracula Untold,Dracula Untold,2014,film
Gone Girl,Gone Girl,2014,film
Sniper: Legacy,Sniper: Legacy,2014,film
Annabelle,Annabelle,2014,film
The Absent One,The Absent One,2014,film
The Judge,The Judge,2014,film
Whiplash,Whiplash,2014,film
Fury,Fury,2014,film
GirlHouse,GirlHouse,2014,film
"Love, Rosie","Love, Rosie",2014,film
John Wick,John Wick,2014,film
Nightcrawler,Nightcrawler,2014,film
Ouija,Ouija,2014,film
Big Hero 6,Big Hero 6,2014,film
[REC]⁴ Apocalypse,[REC]⁴ Apocalypse,2014,film
Interstellar,Interstellar,2014,film
Dumb and Dumber To,Dumb and Dumber To,2014,film
The Imitation Game,The Imitation Game,2014,film
The Hunger Games: Mockingjay - Part 1,The Hunger Games: Mockingjay - Part 1,2014,film
Penguins of Madagascar,Penguins of Madagascar,2014,film
V/H/S: Viral,V/H/S: Viral,2014,film
Paddington,Paddington,2014,film
Toy Story That Time Forgot,Toy Story That Time Forgot,2014,film
Exodus: Gods and Kings,Exodus: Gods and Kings,2014,film
Still Alice,Still Alice,2014,film
The Hobbit: The Battle of the Five Armies,The Hobbit: The Battle of the Five Armies,2014,film
Taken 3,Taken 3,2014,film
The Gambler,The Gambler,2014,film
The Water Diviner,The Water Diviner,2014,film
American Sniper,American Sniper,2014,film
Head Full of Honey,Head Full of Honey,2014,film
A Most Violent Year,A Most Violent Year,2014,film
Blackhat,Blackhat,2015,film
Ex Machina,Ex Machina,2015,film
Hot Girls Wanted,Hot Girls Wanted,2015,film
Kingsman: The Secret Service,Kingsman: The Secret Service,2015,film
It Follows,It Follows,2015,film
Jupiter Ascending,Jupiter Ascending,2015,film
Fifty Shades of Grey,Fifty Shades of Grey,2015,film
Absolutely Anything,Absolutely Anything,2015,film
The Gunman,The Gunman,2015,film
"McFarland, USA","McFarland, USA",2015,film
Dragonheart 3: The Sorcerer's Curse,Dragonheart 3: The Sorcerer's Curse,2015,film
Chappie,Chappie,2015,film
Superfast!,Superfast!,2015,film
Run All Night,Run All Night,2015,film
Insurgent,Insurgent,2015,film
The Shamer's Daughter,The Shamer's Daughter,2015,film
Furious 7,Furious 7,2015,film
The Longest Ride,The Longest Ride,2015,film
13 Minutes,13 Minutes,2015,film
The Age of Adaline,The Age of Adaline,2015,film
Avengers: Age of Ultron,Avengers: Age of Ultron,2015,film
Far from the Madding Crowd,Far from the Madding Crowd,2015,film
Mad Max: Fury Road,Mad Max: Fury Road,2015,film
Insidious: Chapter 3,Insidious: Chapter 3,2015,film
Jurassic World,Jurassic World,2015,film
Son of Saul,Son of Saul,2015,film
Me and Earl and the Dying Girl,Me and Earl and the Dying Girl,2015,film
Inside Out,Inside Out,2015,film
Terminator Genisys,Terminator Genisys,2015,film
One Wild Moment,One Wild Moment,2015,film
Knock Knock,Knock Knock,2015,film
Haikyu!! the Movie: The End and the Beginning,Haikyu!! the Movie: The End and the Beginning,2015,film
Ant-Man,Ant-Man,2015,film
Equals,Equals,2015,film
Maniac,Maniac,2012,film
Hansel & Gretel: Witch Hunters,Hansel & Gretel: Witch Hunters,2013,film
Parker,Parker,2013,film
Warm Bodies,Warm Bodies,2013,film
A Good Day to Die Hard,A Good Day to Die Hard,2013,film
Would You Rather,Would You Rather,2013,film
Dark Skies,Dark Skies,2013,film
Snitch,Snitch,2013,film
Jack the Giant Slayer,Jack the Giant Slayer,2013,film
21 & Over,21 & Over,2013,film
The Call,The Call,2013,film
Olympus Has Fallen,Olympus Has Fallen,2013,film
The Place Beyond the Pines,The Place Beyond the Pines,2013,film
Evil Dead,Evil Dead,2013,film
Scary Movie 5,Scary Movie 5,2013,film
Iron Man 3,Iron Man 3,2013,film
The Reluctant Fundamentalist,The Reluctant Fundamentalist,2013,film
Belle,Belle,2013,film
Star Trek Into Darkness,Star Trek Into Darkness,2013,film
The Great Gatsby,The Great Gatsby,2013,film
Epic,Epic,2013,film
Fast & Furious 6,Fast & Furious 6,2013,film
The Hangover Part III,The Hangover Part III,2013,film
Now You See Me,Now You See Me,2013,film
The East,The East,2013,film
The Garden of Words,The Garden of Words,2013,film
The Purge,The Purge,2013,film
V/H/S/2,V/H/S/2,2013,film
Man of Steel,Man of Steel,2013,film
World War Z,World War Z,2013,film
Despicable Me 2,Despicable Me 2,2013,film
White House Down,White House Down,2013,film
The Lone Ranger,The Lone Ranger,2013,film
Pacific Rim,Pacific Rim,2013,film
The Frozen Ground,The Frozen Ground,2013,film
Grown Ups 2,Grown Ups 2,2013,film
The Conjuring,The Conjuring,2013,film
RED 2,RED 2,2013,film
The Wind Rises,The Wind Rises,2013,film
The Wolverine,The Wolverine,2013,film
Frequencies,Frequencies,2013,film
The Smurfs 2,The Smurfs 2,2013,film
Snowpiercer,Snowpiercer,2013,film
The Spectacular Now,The Spectacular Now,2013,film
Elysium,Elysium,2013,film
Planes,Planes,2013,film
Jobs,Jobs,2013,film
The Butler,The Butler,2013,film
Young & Beautiful,Young & Beautiful,2013,film
I Spit on Your Grave 2,I Spit on Your Grave 2,2013,film
Easy Money III: Life Deluxe,Easy Money III: Life Deluxe,2013,film
Riddick,Riddick,2013,film
Rush,Rush,2013,film
About Time,About Time,2013,film
The Ultimate Life,The Ultimate Life,2013,film
Insidious: Chapter 2,Insidious: Chapter 2,2013,film
Prisoners,Prisoners,2013,film
We Are What We Are,We Are What We Are,2013,film
Gravity,Gravity,2013,film
The Keeper of Lost Causes,The Keeper of Lost Causes,2013,film
Zip & Zap and the Marble Gang,Zip & Zap and the Marble Gang,2013,film
Escape Plan,Escape Plan,2013,film
Blue Is the Warmest Color,Blue Is the Warmest Color,2013,film
Captain Phillips,Captain Phillips,2013,film
The Fifth Estate,The Fifth Estate,2013,film
The Young and Prodigious T.S. Spivet,The Young and Prodigious T.S. Spivet,2013,film
12 Years a Slave,12 Years a Slave,2013,film
Ender's Game,Ender's Game,2013,film
Thor: The Dark World,Thor: The Dark World,2013,film
Banshee Chapter,Banshee Chapter,2013,film
Homefront,Homefront,2013,film
Out of the Furnace,Out of the Furnace,2013,film
The Hunger Games: Catching Fire,The Hunger Games: Catching Fire,2013,film
Step Dogs,Step Dogs,2013,film
The Hobbit: The Desolation of Smaug,The Hobbit: The Desolation of Smaug,2013,film
The Secret Life of Walter Mitty,The Secret Life of Walter Mitty,2013,film
Her,Her,2013,film
Lone Survivor,Lone Survivor,2013,film
The 100 Year-Old Man Who Climbed Out the Window and Disappeared,The 100 Year-Old Man Who Climbed Out the Window and Disappeared,2013,film
The Wolf of Wall Street,The Wolf of Wall Street,2013,film
Nymphomaniac: Vol. I,Nymphomaniac: Vol. I,2013,film
Nymphomaniac: Vol. II,Nymphomaniac: Vol. II,2013,film
The Physician,The Physician,2013,film
Hotel Inferno,Hotel Inferno,2013,film
Labor Day,Labor Day,2013,film
Paranormal Activity: The Marked Ones,Paranormal Activity: The Marked Ones,2014,film
Jacky in the Kingdom of Women,Jacky in the Kingdom of Women,2014,film
RoboCop,RoboCop,2014,film
The Lego Movie,The Lego Movie,2014,film
3 Days to Kill,3 Days to Kill,2014,film
Stromberg – The Movie,Stromberg – The Movie,2014,film
The Grand Budapest Hotel,The Grand Budapest Hotel,2014,film
300: Rise of an Empire,300: Rise of an Empire,2014,film
Divergent,Divergent,2014,film
"Pettson and Findus: A Little Nuisance, a Great Friendship","Pettson and Findus: A Little Nuisance, a Great Friendship",2014,film
Under the Skin,Under the Skin,2014,film
Enemy,Enemy,2014,film
The Signal,The Signal,2014,film
Captain America: The Winter Soldier,Captain America: The Winter Soldier,2014,film
Where Hope Grows,Where Hope Grows,2014,film
Warrior,Warrior,2011,film
Drive,Drive,2011,film
Freerunner,Freerunner,2011,film
Johnny English Reborn,Johnny English Reborn,2011,film
Killer Elite,Killer Elite,2011,film
Moneyball,Moneyball,2011,film
Real Steel,Real Steel,2011,film
Margin Call,Margin Call,2011,film
The Gang of Oss,The Gang of Oss,2011,film
Inbred,Inbred,2011,film
The Thing,The Thing,2011,film
Sleep Tight,Sleep Tight,2011,film
Wrong Turn 4: Bloody Beginnings,Wrong Turn 4: Bloody Beginnings,2011,film
Paranormal Activity 3,Paranormal Activity 3,2011,film
In Time,In Time,2011,film
The Intouchables,The Intouchables,2011,film
The Hunt,The Hunt,2011,film
Immortals,Immortals,2011,film
The Twilight Saga: Breaking Dawn - Part 1,The Twilight Saga: Breaking Dawn - Part 1,2011,film
Sherlock Holmes: A Game of Shadows,Sherlock Holmes: A Game of Shadows,2011,film
Ice Age: A Mammoth Christmas,Ice Age: A Mammoth Christmas,2011,film
We Bought a Zoo,We Bought a Zoo,2011,film
Innocent,Innocent,2011,film
Mission: Impossible - Ghost Protocol,Mission: Impossible - Ghost Protocol,2011,film
New Kids Nitro,New Kids Nitro,2011,film
The Girl with the Dragon Tattoo,The Girl with the Dragon Tattoo,2011,film
Hostel: Part III,Hostel: Part III,2011,film
Kingdom of Dust,Kingdom of Dust,2011,film
Deep in the Heart,Deep in the Heart,2012,film
Journey 2: The Mysterious Island,Journey 2: The Mysterious Island,2012,film
Red Tails,Red Tails,2012,film
Underworld: Awakening,Underworld: Awakening,2012,film
The Grey,The Grey,2012,film
Flight,Flight,2012,film
Act of Valor,Act of Valor,2012,film
Project X,Project X,2012,film
John Carter,John Carter,2012,film
Friends with Kids,Friends with Kids,2012,film
The Hunger Games,The Hunger Games,2012,film
21 Jump Street,21 Jump Street,2012,film
The Raid,The Raid,2012,film
Wrath of the Titans,Wrath of the Titans,2012,film
A Royal Affair,A Royal Affair,2012,film
[REC]³ Genesis,[REC]³ Genesis,2012,film
Sinister,Sinister,2012,film
American Reunion,American Reunion,2012,film
Iron Sky,Iron Sky,2012,film
Battleship,Battleship,2012,film
The Cabin in the Woods,The Cabin in the Woods,2012,film
Lockout,Lockout,2012,film
The Three Stooges,The Three Stooges,2012,film
Safe,Safe,2012,film
The Avengers,The Avengers,2012,film
Dark Shadows,Dark Shadows,2012,film
The Dictator,The Dictator,2012,film
Men in Black 3,Men in Black 3,2012,film
Prometheus,Prometheus,2012,film
Snow White and the Huntsman,Snow White and the Huntsman,2012,film
Outlaws - For Greater Glory,Outlaws - For Greater Glory,2012,film
Madagascar 3: Europe's Most Wanted,Madagascar 3: Europe's Most Wanted,2012,film
That's My Boy,That's My Boy,2012,film
Brave,Brave,2012,film
The Amazing Spider-Man,The Amazing Spider-Man,2012,film
Ice Age: Continental Drift,Ice Age: Continental Drift,2012,film
The Dark Knight Rises,The Dark Knight Rises,2012,film
V/H/S,V/H/S,2012,film
Total Recall,Total Recall,2012,film
The Expendables 2,The Expendables 2,2012,film
The Bourne Legacy,The Bourne Legacy,2012,film
Easy Money: Hard to Kill,Easy Money: Hard to Kill,2012,film
Dredd,Dredd,2012,film
The Brass Teapot,The Brass Teapot,2012,film
Excision,Excision,2012,film
Resident Evil: Retribution,Resident Evil: Retribution,2012,film
The Master,The Master,2012,film
Hotel Transylvania,Hotel Transylvania,2012,film
End of Watch,End of Watch,2012,film
Trouble with the Curve,Trouble with the Curve,2012,film
Looper,Looper,2012,film
Taken 2,Taken 2,2012,film
Upside Down,Upside Down,2012,film
Blood,Blood,2012,film
Argo,Argo,2012,film
Silent Hill: Revelation 3D,Silent Hill: Revelation 3D,2012,film
Grave Encounters 2,Grave Encounters 2,2012,film
Paranormal Activity 4,Paranormal Activity 4,2012,film
Wrong Turn 5: Bloodlines,Wrong Turn 5: Bloodlines,2012,film
Skyfall,Skyfall,2012,film
Measuring the World,Measuring the World,2012,film
Beyond the Hills,Beyond the Hills,2012,film
Cloud Atlas,Cloud Atlas,2012,film
Wreck-It Ralph,Wreck-It Ralph,2012,film
Lincoln,Lincoln,2012,film
The Twilight Saga: Breaking Dawn - Part 2,The Twilight Saga: Breaking Dawn - Part 2,2012,film
Battlestar Galactica: Blood & Chrome,Battlestar Galactica: Blood & Chrome,2012,film
The Hobbit: An Unexpected Journey,The Hobbit: An Unexpected Journey,2012,film
Les Misérables,Les Misérables,2012,film
Zero Dark Thirty,Zero Dark Thirty,2012,film
Jack Reacher,Jack Reacher,2012,film
Django Unchained,Django Unchained,2012,film
Ondine,Ondine,2010,film
Green Zone,Green Zone,2010,film
13,13,2010,film
How to Train Your Dragon,How to Train Your Dragon,2010,film
22 Bullets,22 Bullets,2010,film
Clash of the Titans,Clash of the Titans,2010,film
Iron Man 2,Iron Man 2,2010,film
Ip Man 2,Ip Man 2,2010,film
Robin Hood,Robin Hood,2010,film
Shrek Forever After,Shrek Forever After,2010,film
Unthinkable,Unthinkable,2010,film
Black Death,Black Death,2010,film
The A-Team,The A-Team,2010,film
The Karate Kid,The Karate Kid,2010,film
Winter's Bone,Winter's Bone,2010,film
The Tortured,The Tortured,2010,film
Toy Story 3,Toy Story 3,2010,film
I Spit on Your Grave,I Spit on Your Grave,2010,film
The Twilight Saga: Eclipse,The Twilight Saga: Eclipse,2010,film
The Legend Is Born: Ip Man,The Legend Is Born: Ip Man,2010,film
Grown Ups,Grown Ups,2010,film
Predators,Predators,2010,film
Despicable Me,Despicable Me,2010,film
Inception,Inception,2010,film
The Experiment,The Experiment,2010,film
The Secret World of Arrietty,The Secret World of Arrietty,2010,film
Salt,Salt,2010,film
Dinner for Schmucks,Dinner for Schmucks,2010,film
The Expendables,The Expendables,2010,film
Scott Pilgrim vs. the World,Scott Pilgrim vs. the World,2010,film
Resident Evil: Afterlife,Resident Evil: Afterlife,2010,film
The Town,The Town,2010,film
Easy A,Easy A,2010,film
Incendies,Incendies,2010,film
The Social Network,The Social Network,2010,film
Animals United,Animals United,2010,film
RED,RED,2010,film
Paranormal Activity 2,Paranormal Activity 2,2010,film
The Company Men,The Company Men,2010,film
Skyline,Skyline,2010,film
127 Hours,127 Hours,2010,film
Harry Potter and the Deathly Hallows: Part 1,Harry Potter and the Deathly Hallows: Part 1,2010,film
The Next Three Days,The Next Three Days,2010,film
Love & Other Drugs,Love & Other Drugs,2010,film
The Way Back,The Way Back,2010,film
The Chronicles of Narnia: The Voyage of the Dawn Treader,The Chronicles of Narnia: The Voyage of the Dawn Treader,2010,film
Black Swan,Black Swan,2010,film
The Tourist,The Tourist,2010,film
New Kids Turbo,New Kids Turbo,2010,film
The Fighter,The Fighter,2010,film
TRON: Legacy,TRON: Legacy,2010,film
Little Fockers,Little Fockers,2010,film
The Mechanic,The Mechanic,2011,film
The Eagle,The Eagle,2011,film
Just Go with It,Just Go with It,2011,film
Paul,Paul,2011,film
Unknown,Unknown,2011,film
S.W.A.T.: Firefight,S.W.A.T.: Firefight,2011,film
Battle: Los Angeles,Battle: Los Angeles,2011,film
Limitless,Limitless,2011,film
Kill Bill: The Whole Bloody Affair,Kill Bill: The Whole Bloody Affair,2011,film
Source Code,Source Code,2011,film
Hop,Hop,2011,film
Insidious,Insidious,2011,film
Rio,Rio,2011,film
Hanna,Hanna,2011,film
Scream 4,Scream 4,2011,film
Fast Five,Fast Five,2011,film
Thor,Thor,2011,film
Sniper: Reloaded,Sniper: Reloaded,2011,film
Hoodwinked Too! Hood VS. Evil,Hoodwinked Too! Hood VS. Evil,2011,film
Midnight in Paris,Midnight in Paris,2011,film
Pirates of the Caribbean: On Stranger Tides,Pirates of the Caribbean: On Stranger Tides,2011,film
The Tree of Life,The Tree of Life,2011,film
Kung Fu Panda 2,Kung Fu Panda 2,2011,film
The Hangover Part II,The Hangover Part II,2011,film
X-Men: First Class,X-Men: First Class,2011,film
Blue Crush 2,Blue Crush 2,2011,film
Super 8,Super 8,2011,film
Cars 2,Cars 2,2011,film
Green Lantern,Green Lantern,2011,film
Werner - Eiskalt!,Werner - Eiskalt!,2011,film
Transformers: Dark of the Moon,Transformers: Dark of the Moon,2011,film
Harry Potter and the Deathly Hallows: Part 2,Harry Potter and the Deathly Hallows: Part 2,2011,film
Pokémon the Movie: White - Victini and Zekrom,Pokémon the Movie: White - Victini and Zekrom,2011,film
From Up on Poppy Hill,From Up on Poppy Hill,2011,film
Friends with Benefits,Friends with Benefits,2011,film
Captain America: The First Avenger,Captain America: The First Avenger,2011,film
Another Earth,Another Earth,2011,film
Colombiana,Colombiana,2011,film
Assassination Games,Assassination Games,2011,film
Cowboys & Aliens,Cowboys & Aliens,2011,film
"Crazy, Stupid, Love.","Crazy, Stupid, Love.",2011,film
The Smurfs,The Smurfs,2011,film
Rise of the Planet of the Apes,Rise of the Planet of the Apes,2011,film
The Help,The Help,2011,film
Final Destination 5,Final Destination 5,2011,film
Greetings to the Devil,Greetings to the Devil,2011,film
Tom and Jerry & The Wizard of Oz,Tom and Jerry & The Wizard of Oz,2011,film
The Three Musketeers,The Three Musketeers,2011,film
Flash of Genius,Flash of Genius,2008,film
Krabat,Krabat,2008,film
Eden Lake,Eden Lake,2008,film
Eagle Eye,Eagle Eye,2008,film
The Hurt Locker,The Hurt Locker,2008,film
Max Payne,Max Payne,2008,film
Saw V,Saw V,2008,film
Quantum of Solace,Quantum of Solace,2008,film
Madagascar: Escape 2 Africa,Madagascar: Escape 2 Africa,2008,film
Katt Williams: It's Pimpin' Pimpin',Katt Williams: It's Pimpin' Pimpin',2008,film
Slumdog Millionaire,Slumdog Millionaire,2008,film
Twilight,Twilight,2008,film
Transporter 3,Transporter 3,2008,film
Flirting with Forty,Flirting with Forty,2008,film
Punisher: War Zone,Punisher: War Zone,2008,film
Front of the Class,Front of the Class,2008,film
The Day the Earth Stopped,The Day the Earth Stopped,2008,film
Yes Man,Yes Man,2008,film
The Day the Earth Stood Still,The Day the Earth Stood Still,2008,film
Gran Torino,Gran Torino,2008,film
Ip Man,Ip Man,2008,film
Valkyrie,Valkyrie,2008,film
The Butterfly Effect 3: Revelations,The Butterfly Effect 3: Revelations,2009,film
Underworld: Rise of the Lycans,Underworld: Rise of the Lycans,2009,film
The International,The International,2009,film
He's Just Not That Into You,He's Just Not That Into You,2009,film
Crossing Over,Crossing Over,2009,film
Friday the 13th,Friday the 13th,2009,film
Dead Like Me: Life After Death,Dead Like Me: Life After Death,2009,film
The Girl with the Dragon Tattoo,The Girl with the Dragon Tattoo,2009,film
Watchmen,Watchmen,2009,film
17 Again,17 Again,2009,film
Bronson,Bronson,2009,film
Race to Witch Mountain,Race to Witch Mountain,2009,film
Knowing,Knowing,2009,film
Fast & Furious,Fast & Furious,2009,film
Hannah Montana: The Movie,Hannah Montana: The Movie,2009,film
Crank: High Voltage,Crank: High Voltage,2009,film
April Showers,April Showers,2009,film
Angels & Demons,Angels & Demons,2009,film
X-Men Origins: Wolverine,X-Men Origins: Wolverine,2009,film
S. Darko,S. Darko,2009,film
Star Trek,Star Trek,2009,film
The Grudge 3,The Grudge 3,2009,film
Terminator Salvation,Terminator Salvation,2009,film
Up,Up,2009,film
The Hangover,The Hangover,2009,film
The Proposal,The Proposal,2009,film
Moon,Moon,2009,film
Transformers: Revenge of the Fallen,Transformers: Revenge of the Fallen,2009,film
My Sister's Keeper,My Sister's Keeper,2009,film
Public Enemies,Public Enemies,2009,film
Brüno,Brüno,2009,film
Harry Potter and the Half-Blood Prince,Harry Potter and the Half-Blood Prince,2009,film
Inglourious Basterds,Inglourious Basterds,2009,film
District 9,District 9,2009,film
The Final Destination,The Final Destination,2009,film
The Final Destination,The Final Destination,2009,film
Pandorum,Pandorum,2009,film
Wickie the Mighty Viking,Wickie the Mighty Viking,2009,film
Prison Break: The Final Break,Prison Break: The Final Break,2009,film
Bad Lieutenant: Port of Call New Orleans,Bad Lieutenant: Port of Call New Orleans,2009,film
Leaves of Grass,Leaves of Grass,2009,film
[REC]²,[REC]²,2009,film
The Girl Who Played with Fire,The Girl Who Played with Fire,2009,film
Jennifer's Body,Jennifer's Body,2009,film
Taking Chance,Taking Chance,2009,film
Zombieland,Zombieland,2009,film
Wrong Turn 3: Left for Dead,Wrong Turn 3: Left for Dead,2009,film
2012,2012,2009,film
Fantastic Mr. Fox,Fantastic Mr. Fox,2009,film
Law Abiding Citizen,Law Abiding Citizen,2009,film
Triangle,Triangle,2009,film
Saw VI,Saw VI,2009,film
Battlestar Galactica: The Plan,Battlestar Galactica: The Plan,2009,film
A Christmas Carol,A Christmas Carol,2009,film
Mr. Nobody,Mr. Nobody,2009,film
After.Life,After.Life,2009,film
The Twilight Saga: New Moon,The Twilight Saga: New Moon,2009,film
The Blind Side,The Blind Side,2009,film
The Boondock Saints II: All Saints Day,The Boondock Saints II: All Saints Day,2009,film
The Road,The Road,2009,film
The Girl Who Kicked the Hornet's Nest,The Girl Who Kicked the Hornet's Nest,2009,film
Up in the Air,Up in the Air,2009,film
Avatar,Avatar,2009,film
Sherlock Holmes,Sherlock Holmes,2009,film
Leap Year,Leap Year,2010,film
The Book of Eli,The Book of Eli,2010,film
Easy Money,Easy Money,2010,film
The Spy Next Door,The Spy Next Door,2010,film
Extraordinary Measures,Extraordinary Measures,2010,film
Legion,Legion,2010,film
Tucker and Dale vs. Evil,Tucker and Dale vs. Evil,2010,film
Percy Jackson & the Olympians: The Lightning Thief,Percy Jackson & the Olympians: The Lightning Thief,2010,film
The Wolfman,The Wolfman,2010,film
Shutter Island,Shutter Island,2010,film
The Hairdresser,The Hairdresser,2010,film
Centurion,Centurion,2010,film
Halo Legends,Halo Legends,2010,film
Alice in Wonderland,Alice in Wonderland,2010,film
300,300,2007,film
The Counterfeiters,The Counterfeiters,2007,film
Shooter,Shooter,2007,film
The Hills Have Eyes 2,The Hills Have Eyes 2,2007,film
Sunshine,Sunshine,2007,film
Fracture,Fracture,2007,film
The Last Legion,The Last Legion,2007,film
Next,Next,2007,film
28 Weeks Later,28 Weeks Later,2007,film
Spider-Man 3,Spider-Man 3,2007,film
Away from Her,Away from Her,2007,film
Shrek the Third,Shrek the Third,2007,film
Pirates of the Caribbean: At World's End,Pirates of the Caribbean: At World's End,2007,film
Death Proof,Death Proof,2007,film
Knocked Up,Knocked Up,2007,film
Ocean's Thirteen,Ocean's Thirteen,2007,film
Hostel: Part II,Hostel: Part II,2007,film
Evan Almighty,Evan Almighty,2007,film
Inside,Inside,2007,film
Fantastic Four: Rise of the Silver Surfer,Fantastic Four: Rise of the Silver Surfer,2007,film
No Reservations,No Reservations,2007,film
Live Free or Die Hard,Live Free or Die Hard,2007,film
Rescue Dawn,Rescue Dawn,2007,film
Transformers,Transformers,2007,film
Ratatouille,Ratatouille,2007,film
Harry Potter and the Order of the Phoenix,Harry Potter and the Order of the Phoenix,2007,film
I Now Pronounce You Chuck & Larry,I Now Pronounce You Chuck & Larry,2007,film
The Girl Next Door,The Girl Next Door,2007,film
The Simpsons Movie,The Simpsons Movie,2007,film
An American Crime,An American Crime,2007,film
The Bourne Ultimatum,The Bourne Ultimatum,2007,film
Stardust,Stardust,2007,film
Superbad,Superbad,2007,film
War,War,2007,film
Wrong Turn 2: Dead End,Wrong Turn 2: Dead End,2007,film
Death Sentence,Death Sentence,2007,film
Paranormal Activity,Paranormal Activity,2007,film
Resident Evil: Extinction,Resident Evil: Extinction,2007,film
Into the Wild,Into the Wild,2007,film
Michael Clayton,Michael Clayton,2007,film
Lions for Lambs,Lions for Lambs,2007,film
Saw IV,Saw IV,2007,film
Saw IV,Saw IV,2007,film
American Gangster,American Gangster,2007,film
The Three Investigators in The Secret of Skeleton Island,The Three Investigators in The Secret of Skeleton Island,2007,film
No Country for Old Men,No Country for Old Men,2007,film
Battlestar Galactica: Razor,Battlestar Galactica: Razor,2007,film
P.S. I Love You,P.S. I Love You,2007,film
The Mist,The Mist,2007,film
Hitman,Hitman,2007,film
[REC],[REC],2007,film
My Blueberry Nights,My Blueberry Nights,2007,film
I Am Legend,I Am Legend,2007,film
National Treasure: Book of Secrets,National Treasure: Book of Secrets,2007,film
Sweeney Todd: The Demon Barber of Fleet Street,Sweeney Todd: The Demon Barber of Fleet Street,2007,film
Aliens vs Predator: Requiem,Aliens vs Predator: Requiem,2007,film
There Will Be Blood,There Will Be Blood,2007,film
Cloverfield,Cloverfield,2008,film
Meet the Spartans,Meet the Spartans,2008,film
Rambo,Rambo,2008,film
Jumper,Jumper,2008,film
Taken,Taken,2008,film
The Visitor,The Visitor,2008,film
The Bank Job,The Bank Job,2008,film
"10,000 BC","10,000 BC",2008,film
Flame & Citron,Flame & Citron,2008,film
21,21,2008,film
Street Kings,Street Kings,2008,film
Iron Man,Iron Man,2008,film
The Boy in the Striped Pyjamas,The Boy in the Striped Pyjamas,2008,film
The Chronicles of Narnia: Prince Caspian,The Chronicles of Narnia: Prince Caspian,2008,film
Indiana Jones and the Kingdom of the Crystal Skull,Indiana Jones and the Kingdom of the Crystal Skull,2008,film
The Strangers,The Strangers,2008,film
Kung Fu Panda,Kung Fu Panda,2008,film
You Don't Mess with the Zohan,You Don't Mess with the Zohan,2008,film
The Happening,The Happening,2008,film
Martyrs,Martyrs,2008,film
The Incredible Hulk,The Incredible Hulk,2008,film
Get Smart,Get Smart,2008,film
Wanted,Wanted,2008,film
WALL·E,WALL·E,2008,film
Hancock,Hancock,2008,film
The Mummy: Tomb of the Dragon Emperor,The Mummy: Tomb of the Dragon Emperor,2008,film
Mamma Mia!,Mamma Mia!,2008,film
Meet Dave,Meet Dave,2008,film
Journey to the Center of the Earth,Journey to the Center of the Earth,2008,film
Hellboy II: The Golden Army,Hellboy II: The Golden Army,2008,film
The Dark Knight,The Dark Knight,2008,film
Felon,Felon,2008,film
Ponyo,Ponyo,2008,film
Starship Troopers 3: Marauder,Starship Troopers 3: Marauder,2008,film
The X Files: I Want to Believe,The X Files: I Want to Believe,2008,film
Star Wars: The Clone Wars,Star Wars: The Clone Wars,2008,film
The Midnight Meat Train,The Midnight Meat Train,2008,film
Tropic Thunder,Tropic Thunder,2008,film
Vicky Cristina Barcelona,Vicky Cristina Barcelona,2008,film
Babylon A.D.,Babylon A.D.,2008,film
The Little Mermaid: Ariel's Beginning,The Little Mermaid: Ariel's Beginning,2008,film
The Charlemagne Code,The Charlemagne Code,2008,film
RocknRolla,RocknRolla,2008,film
Sin City,Sin City,2005,film
Sahara,Sahara,2005,film
xXx: State of the Union,xXx: State of the Union,2005,film
The Hitchhiker's Guide to the Galaxy,The Hitchhiker's Guide to the Galaxy,2005,film
Kingdom of Heaven,Kingdom of Heaven,2005,film
House of Wax,House of Wax,2005,film
Star Wars: Episode III - Revenge of the Sith,Star Wars: Episode III - Revenge of the Sith,2005,film
Madagascar,Madagascar,2005,film
Mr. & Mrs. Smith,Mr. & Mrs. Smith,2005,film
Batman Begins,Batman Begins,2005,film
War of the Worlds,War of the Worlds,2005,film
Fantastic Four,Fantastic Four,2005,film
Charlie and the Chocolate Factory,Charlie and the Chocolate Factory,2005,film
The Island,The Island,2005,film
Stealth,Stealth,2005,film
Lady Vengeance,Lady Vengeance,2005,film
The Skeleton Key,The Skeleton Key,2005,film
Transporter 2,Transporter 2,2005,film
Noroi: The Curse,Noroi: The Curse,2005,film
Pusher III,Pusher III,2005,film
Tom and Jerry: The Fast and the Furry,Tom and Jerry: The Fast and the Furry,2005,film
The Exorcism of Emily Rose,The Exorcism of Emily Rose,2005,film
Green Street Hooligans,Green Street Hooligans,2005,film
Corpse Bride,Corpse Bride,2005,film
Lord of War,Lord of War,2005,film
A History of Violence,A History of Violence,2005,film
Serenity,Serenity,2005,film
Torrente 3: The Protector,Torrente 3: The Protector,2005,film
The World's Fastest Indian,The World's Fastest Indian,2005,film
Brokeback Mountain,Brokeback Mountain,2005,film
The Legend of Zorro,The Legend of Zorro,2005,film
Saw II,Saw II,2005,film
Zathura: A Space Adventure,Zathura: A Space Adventure,2005,film
Harry Potter and the Goblet of Fire,Harry Potter and the Goblet of Fire,2005,film
Æon Flux,Æon Flux,2005,film
"The Chronicles of Narnia: The Lion, the Witch and the Wardrobe","The Chronicles of Narnia: The Lion, the Witch and the Wardrobe",2005,film
King Kong,King Kong,2005,film
Hoodwinked!,Hoodwinked!,2005,film
The Thief Lord,The Thief Lord,2006,film
Hostel,Hostel,2006,film
Running Scared,Running Scared,2006,film
Underworld: Evolution,Underworld: Evolution,2006,film
Final Destination 3,Final Destination 3,2006,film
The Wild Chicks,The Wild Chicks,2006,film
V for Vendetta,V for Vendetta,2006,film
The Hills Have Eyes,The Hills Have Eyes,2006,film
Inside Man,Inside Man,2006,film
She's the Man,She's the Man,2006,film
Scary Movie 4,Scary Movie 4,2006,film
Silent Hill,Silent Hill,2006,film
Mission: Impossible III,Mission: Impossible III,2006,film
Poseidon,Poseidon,2006,film
The Da Vinci Code,The Da Vinci Code,2006,film
Over the Hedge,Over the Hedge,2006,film
X-Men: The Last Stand,X-Men: The Last Stand,2006,film
The Fast and the Furious: Tokyo Drift,The Fast and the Furious: Tokyo Drift,2006,film
Cars,Cars,2006,film
Click,Click,2006,film
I'll Always Know What You Did Last Summer,I'll Always Know What You Did Last Summer,2006,film
Superman Returns,Superman Returns,2006,film
The Devil Wears Prada,The Devil Wears Prada,2006,film
Pirates of the Caribbean: Dead Man's Chest,Pirates of the Caribbean: Dead Man's Chest,2006,film
Bring It On: All or Nothing,Bring It On: All or Nothing,2006,film
Hui Buh: The Castle Ghost,Hui Buh: The Castle Ghost,2006,film
Tales from Earthsea,Tales from Earthsea,2006,film
The Butterfly Effect 2,The Butterfly Effect 2,2006,film
Beerfest,Beerfest,2006,film
Grimm Love,Grimm Love,2006,film
Crank,Crank,2006,film
Idiocracy,Idiocracy,2006,film
The Covenant,The Covenant,2006,film
Perfume: The Story of a Murderer,Perfume: The Story of a Murderer,2006,film
Katt Williams: The Pimp Chronicles Pt. 1,Katt Williams: The Pimp Chronicles Pt. 1,2006,film
Children of Men,Children of Men,2006,film
The Departed,The Departed,2006,film
The Texas Chainsaw Massacre: The Beginning,The Texas Chainsaw Massacre: The Beginning,2006,film
The Grudge 2,The Grudge 2,2006,film
The Prestige,The Prestige,2006,film
Saw III,Saw III,2006,film
Borat: Cultural Learnings of America for Make Benefit Glorious Nation of Kazakhstan,Borat: Cultural Learnings of America for Make Benefit Glorious Nation of Kazakhstan,2006,film
The Santa Clause 3: The Escape Clause,The Santa Clause 3: The Escape Clause,2006,film
Casino Royale,Casino Royale,2006,film
The Fountain,The Fountain,2006,film
Turistas,Turistas,2006,film
The Holiday,The Holiday,2006,film
Apocalypto,Apocalypto,2006,film
Blood Diamond,Blood Diamond,2006,film
The Painted Veil,The Painted Veil,2006,film
The Pursuit of Happyness,The Pursuit of Happyness,2006,film
Eragon,Eragon,2006,film
Rocky Balboa,Rocky Balboa,2006,film
Ghost Rider,Ghost Rider,2007,film
Hannibal Rising,Hannibal Rising,2007,film
Norbit,Norbit,2007,film
Taxi 4,Taxi 4,2007,film
Breach,Breach,2007,film
Bridge to Terabithia,Bridge to Terabithia,2007,film
Hot Fuzz,Hot Fuzz,2007,film
Zodiac,Zodiac,2007,film
5 Centimeters per Second,5 Centimeters per Second,2007,film
American Wedding,American Wedding,2003,film
S.W.A.T.,S.W.A.T.,2003,film
George of the Jungle 2,George of the Jungle 2,2003,film
Love Actually,Love Actually,2003,film
Lost in Translation,Lost in Translation,2003,film
Underworld,Underworld,2003,film
Secondhand Lions,Secondhand Lions,2003,film
Duplex,Duplex,2003,film
Berlin Blues,Berlin Blues,2003,film
Out of Time,Out of Time,2003,film
The School of Rock,The School of Rock,2003,film
Mystic River,Mystic River,2003,film
Kill Bill: Vol. 1,Kill Bill: Vol. 1,2003,film
Runaway Jury,Runaway Jury,2003,film
Ruby & Quentin,Ruby & Quentin,2003,film
Radio,Radio,2003,film
Scary Movie 3,Scary Movie 3,2003,film
The Matrix Revolutions,The Matrix Revolutions,2003,film
Elf,Elf,2003,film
Master and Commander: The Far Side of the World,Master and Commander: The Far Side of the World,2003,film
Oldboy,Oldboy,2003,film
In Hell,In Hell,2003,film
The Last Samurai,The Last Samurai,2003,film
Something's Gotta Give,Something's Gotta Give,2003,film
The Lord of the Rings: The Return of the King,The Lord of the Rings: The Return of the King,2003,film
Cold Mountain,Cold Mountain,2003,film
Monster,Monster,2003,film
The Company,The Company,2003,film
Paycheck,Paycheck,2003,film
MA 2412 - Die Staatsdiener,MA 2412 - Die Staatsdiener,2003,film
Along Came Polly,Along Came Polly,2004,film
The Butterfly Effect,The Butterfly Effect,2004,film
Super Size Me,Super Size Me,2004,film
Crimson Rivers II: Angels of the Apocalypse,Crimson Rivers II: Angels of the Apocalypse,2004,film
The Passion of the Christ,The Passion of the Christ,2004,film
Ghost in the Shell 2: Innocence,Ghost in the Shell 2: Innocence,2004,film
Head-On,Head-On,2004,film
Secret Window,Secret Window,2004,film
Dawn of the Dead,Dawn of the Dead,2004,film
Eternal Sunshine of the Spotless Mind,Eternal Sunshine of the Spotless Mind,2004,film
Hellboy,Hellboy,2004,film
The Whole Ten Yards,The Whole Ten Yards,2004,film
The Girl Next Door,The Girl Next Door,2004,film
13 Going on 30,13 Going on 30,2004,film
The Punisher,The Punisher,2004,film
Kill Bill: Vol. 2,Kill Bill: Vol. 2,2004,film
Man on Fire,Man on Fire,2004,film
Godsend,Godsend,2004,film
Van Helsing,Van Helsing,2004,film
Troy,Troy,2004,film
Shrek 2,Shrek 2,2004,film
Starship Troopers 2: Hero of the Federation,Starship Troopers 2: Hero of the Federation,2004,film
The Day After Tomorrow,The Day After Tomorrow,2004,film
Something the Lord Made,Something the Lord Made,2004,film
Harry Potter and the Prisoner of Azkaban,Harry Potter and the Prisoner of Azkaban,2004,film
The Chronicles of Riddick,The Chronicles of Riddick,2004,film
The Terminal,The Terminal,2004,film
White Chicks,White Chicks,2004,film
Spider-Man 2,Spider-Man 2,2004,film
Before the Fall,Before the Fall,2004,film
King Arthur,King Arthur,2004,film
(T)Raumschiff Surprise - Periode 1,(T)Raumschiff Surprise - Periode 1,2004,film
"I, Robot","I, Robot",2004,film
The Bourne Supremacy,The Bourne Supremacy,2004,film
The Manchurian Candidate,The Manchurian Candidate,2004,film
Sniper 3,Sniper 3,2004,film
Collateral,Collateral,2004,film
AVP: Alien vs. Predator,AVP: Alien vs. Predator,2004,film
Cellular,Cellular,2004,film
Howl's Moving Castle,Howl's Moving Castle,2004,film
Resident Evil: Apocalypse,Resident Evil: Apocalypse,2004,film
Downfall,Downfall,2004,film
Sky Captain and the World of Tomorrow,Sky Captain and the World of Tomorrow,2004,film
The Machinist,The Machinist,2004,film
Layer Cake,Layer Cake,2004,film
Saw,Saw,2004,film
The Grudge,The Grudge,2004,film
The Lion King 1½,The Lion King 1½,2004,film
The Incredibles,The Incredibles,2004,film
Bridget Jones: The Edge of Reason,Bridget Jones: The Edge of Reason,2004,film
The Polar Express,The Polar Express,2004,film
National Treasure,National Treasure,2004,film
Ring of the Nibelungs,Ring of the Nibelungs,2004,film
Alexander,Alexander,2004,film
Christmas with the Kranks,Christmas with the Kranks,2004,film
Million Dollar Baby,Million Dollar Baby,2004,film
Blade: Trinity,Blade: Trinity,2004,film
Ocean's Twelve,Ocean's Twelve,2004,film
The Aviator,The Aviator,2004,film
Flight of the Phoenix,Flight of the Phoenix,2004,film
Meet the Fockers,Meet the Fockers,2004,film
Elektra,Elektra,2005,film
Coach Carter,Coach Carter,2005,film
Assault on Precinct 13,Assault on Precinct 13,2005,film
Constantine,Constantine,2005,film
Hostage,Hostage,2005,film
The Ring Two,The Ring Two,2005,film
Miss Congeniality 2: Armed and Fabulous,Miss Congeniality 2: Armed and Fabulous,2005,film
"Bibi Blocksberg: Eene meene eins, zwei, drei!","Bibi Blocksberg: Eene meene eins, zwei, drei!",2005,film
Guess Who,Guess Who,2005,film
Don't Say a Word,Don't Say a Word,2001,film
Training Day,Training Day,2001,film
The Last Castle,The Last Castle,2001,film
K-PAX,K-PAX,2001,film
"Monsters, Inc.","Monsters, Inc.",2001,film
The One,The One,2001,film
Harry Potter and the Philosopher's Stone,Harry Potter and the Philosopher's Stone,2001,film
Out Cold,Out Cold,2001,film
Black Knight,Black Knight,2001,film
Ocean's Eleven,Ocean's Eleven,2001,film
Vanilla Sky,Vanilla Sky,2001,film
A Beautiful Mind,A Beautiful Mind,2001,film
The Lord of the Rings: The Fellowship of the Ring,The Lord of the Rings: The Fellowship of the Ring,2001,film
Black Hawk Down,Black Hawk Down,2001,film
The Bike Squad,The Bike Squad,2002,film
Snow Dogs,Snow Dogs,2002,film
Asterix & Obelix: Mission Cleopatra,Asterix & Obelix: Mission Cleopatra,2002,film
John Q,John Q,2002,film
Dragonfly,Dragonfly,2002,film
We Were Soldiers,We Were Soldiers,2002,film
The Time Machine,The Time Machine,2002,film
Resident Evil,Resident Evil,2002,film
Blade II,Blade II,2002,film
Sympathy for Mr. Vengeance,Sympathy for Mr. Vengeance,2002,film
High Crimes,High Crimes,2002,film
Changing Lanes,Changing Lanes,2002,film
My Big Fat Greek Wedding,My Big Fat Greek Wedding,2002,film
Murder by Numbers,Murder by Numbers,2002,film
Spider-Man,Spider-Man,2002,film
Star Wars: Episode II - Attack of the Clones,Star Wars: Episode II - Attack of the Clones,2002,film
The Sum of All Fears,The Sum of All Fears,2002,film
Windtalkers,Windtalkers,2002,film
The Bourne Identity,The Bourne Identity,2002,film
American Psycho II: All American Girl,American Psycho II: All American Girl,2002,film
Minority Report,Minority Report,2002,film
Lilo & Stitch,Lilo & Stitch,2002,film
Men in Black II,Men in Black II,2002,film
Reign of Fire,Reign of Fire,2002,film
Road to Perdition,Road to Perdition,2002,film
Eight Legged Freaks,Eight Legged Freaks,2002,film
The Cat Returns,The Cat Returns,2002,film
K-19: The Widowmaker,K-19: The Widowmaker,2002,film
Signs,Signs,2002,film
xXx,xXx,2002,film
Blue Crush,Blue Crush,2002,film
Frida,Frida,2002,film
City of God,City of God,2002,film
The Pianist,The Pianist,2002,film
The Santa Clause 2,The Santa Clause 2,2002,film
Boat Trip,Boat Trip,2002,film
The Transporter,The Transporter,2002,film
Red Dragon,Red Dragon,2002,film
The Ring,The Ring,2002,film
Real Women Have Curves,Real Women Have Curves,2002,film
28 Days Later,28 Days Later,2002,film
8 Mile,8 Mile,2002,film
Harry Potter and the Chamber of Secrets,Harry Potter and the Chamber of Secrets,2002,film
Die Another Day,Die Another Day,2002,film
Analyze That,Analyze That,2002,film
Equilibrium,Equilibrium,2002,film
Gangs of New York,Gangs of New York,2002,film
Catch Me If You Can,Catch Me If You Can,2002,film
The Lord of the Rings: The Two Towers,The Lord of the Rings: The Two Towers,2002,film
Two Weeks Notice,Two Weeks Notice,2002,film
Antwone Fisher,Antwone Fisher,2002,film
Sniper 2,Sniper 2,2002,film
National Security,National Security,2003,film
Taxi 3,Taxi 3,2003,film
Final Destination 2,Final Destination 2,2003,film
The Recruit,The Recruit,2003,film
Ong-Bak,Ong-Bak,2003,film
How to Lose a Guy in 10 Days,How to Lose a Guy in 10 Days,2003,film
"Good Bye, Lenin!","Good Bye, Lenin!",2003,film
Daredevil,Daredevil,2003,film
Cradle 2 the Grave,Cradle 2 the Grave,2003,film
Tears of the Sun,Tears of the Sun,2003,film
Johnny English,Johnny English,2003,film
Dreamcatcher,Dreamcatcher,2003,film
The Core,The Core,2003,film
Anger Management,Anger Management,2003,film
Memories of Murder,Memories of Murder,2003,film
X2,X2,2003,film
The Matrix Reloaded,The Matrix Reloaded,2003,film
The Texas Chainsaw Massacre,The Texas Chainsaw Massacre,2003,film
Bruce Almighty,Bruce Almighty,2003,film
Finding Nemo,Finding Nemo,2003,film
Wrong Turn,Wrong Turn,2003,film
The Italian Job,The Italian Job,2003,film
2 Fast 2 Furious,2 Fast 2 Furious,2003,film
High Tension,High Tension,2003,film
Hulk,Hulk,2003,film
Charlie's Angels: Full Throttle,Charlie's Angels: Full Throttle,2003,film
Terminator 3: Rise of the Machines,Terminator 3: Rise of the Machines,2003,film
Battle Royale II: Requiem,Battle Royale II: Requiem,2003,film
Pirates of the Caribbean: The Curse of the Black Pearl,Pirates of the Caribbean: The Curse of the Black Pearl,2003,film
The League of Extraordinary Gentlemen,The League of Extraordinary Gentlemen,2003,film
Werner - Gekotzt wird später!,Werner - Gekotzt wird später!,2003,film
Bad Boys II,Bad Boys II,2003,film
Pokémon: Jirachi - Wish Maker,Pokémon: Jirachi - Wish Maker,2003,film
Lara Croft: Tomb Raider - The Cradle of Life,Lara Croft: Tomb Raider - The Cradle of Life,2003,film
Double Jeopardy,Double Jeopardy,1999,film
Three Kings,Three Kings,1999,film
Dogma,Dogma,1999,film
Random Hearts,Random Hearts,1999,film
Fight Club,Fight Club,1999,film
Bringing Out the Dead,Bringing Out the Dead,1999,film
The Insider,The Insider,1999,film
Toy Story 2,Toy Story 2,1999,film
The Bone Collector,The Bone Collector,1999,film
The World Is Not Enough,The World Is Not Enough,1999,film
The Green Mile,The Green Mile,1999,film
Stuart Little,Stuart Little,1999,film
Titus,Titus,1999,film
Angela's Ashes,Angela's Ashes,1999,film
The Talented Mr. Ripley,The Talented Mr. Ripley,1999,film
The Little Mermaid II: Return to the Sea,The Little Mermaid II: Return to the Sea,2000,film
Saving Grace,Saving Grace,2000,film
The Beach,The Beach,2000,film
Scream 3,Scream 3,2000,film
Pitch Black,Pitch Black,2000,film
The Whole Nine Yards,The Whole Nine Yards,2000,film
Boiler Room,Boiler Room,2000,film
Final Destination,Final Destination,2000,film
Taxi 2,Taxi 2,2000,film
American Psycho,American Psycho,2000,film
U-571,U-571,2000,film
Where the Heart Is,Where the Heart Is,2000,film
Gladiator,Gladiator,2000,film
Center Stage,Center Stage,2000,film
Mission: Impossible II,Mission: Impossible II,2000,film
Gone in Sixty Seconds,Gone in Sixty Seconds,2000,film
Titan A.E.,Titan A.E.,2000,film
Chicken Run,Chicken Run,2000,film
The Patriot,The Patriot,2000,film
The Perfect Storm,The Perfect Storm,2000,film
Scary Movie,Scary Movie,2000,film
X-Men,X-Men,2000,film
What Lies Beneath,What Lies Beneath,2000,film
Coyote Ugly,Coyote Ugly,2000,film
Space Cowboys,Space Cowboys,2000,film
DragonHeart: A New Beginning,DragonHeart: A New Beginning,2000,film
Snatch,Snatch,2000,film
Men of Honor,Men of Honor,2000,film
Almost Famous,Almost Famous,2000,film
The Crimson Rivers,The Crimson Rivers,2000,film
Remember the Titans,Remember the Titans,2000,film
Requiem for a Dream,Requiem for a Dream,2000,film
Meet the Parents,Meet the Parents,2000,film
Memento,Memento,2000,film
Pay It Forward,Pay It Forward,2000,film
Book of Shadows: Blair Witch 2,Book of Shadows: Blair Witch 2,2000,film
The Legend of Bagger Vance,The Legend of Bagger Vance,2000,film
Charlie's Angels,Charlie's Angels,2000,film
How the Grinch Stole Christmas,How the Grinch Stole Christmas,2000,film
Unbreakable,Unbreakable,2000,film
No More School,No More School,2000,film
Proof of Life,Proof of Life,2000,film
The Family Man,The Family Man,2000,film
What Women Want,What Women Want,2000,film
The Emperor's New Groove,The Emperor's New Groove,2000,film
Battle Royale,Battle Royale,2000,film
Cast Away,Cast Away,2000,film
Miss Congeniality,Miss Congeniality,2000,film
Thirteen Days,Thirteen Days,2000,film
Traffic,Traffic,2000,film
Antitrust,Antitrust,2001,film
Save the Last Dance,Save the Last Dance,2001,film
Donnie Darko,Donnie Darko,2001,film
The Pledge,The Pledge,2001,film
Brotherhood of the Wolf,Brotherhood of the Wolf,2001,film
From Hell,From Hell,2001,film
Hannibal,Hannibal,2001,film
Sweet November,Sweet November,2001,film
Enemy at the Gates,Enemy at the Gates,2001,film
The Experiment,The Experiment,2001,film
Along Came a Spider,Along Came a Spider,2001,film
Crocodile Dundee in Los Angeles,Crocodile Dundee in Los Angeles,2001,film
Bridget Jones's Diary,Bridget Jones's Diary,2001,film
Amélie,Amélie,2001,film
The Mummy Returns,The Mummy Returns,2001,film
A Knight's Tale,A Knight's Tale,2001,film
Shrek,Shrek,2001,film
Moulin Rouge!,Moulin Rouge!,2001,film
Pearl Harbor,Pearl Harbor,2001,film
Metropolis,Metropolis,2001,film
Evolution,Evolution,2001,film
Lara Croft: Tomb Raider,Lara Croft: Tomb Raider,2001,film
The Fast and the Furious,The Fast and the Furious,2001,film
Cats & Dogs,Cats & Dogs,2001,film
A.I. Artificial Intelligence,A.I. Artificial Intelligence,2001,film
Jeepers Creepers,Jeepers Creepers,2001,film
Final Fantasy: The Spirits Within,Final Fantasy: The Spirits Within,2001,film
Scary Movie 2,Scary Movie 2,2001,film
Manitou's Shoe,Manitou's Shoe,2001,film
Jurassic Park III,Jurassic Park III,2001,film
Spirited Away,Spirited Away,2001,film
The Others,The Others,2001,film
Rush Hour 2,Rush Hour 2,2001,film
American Pie 2,American Pie 2,2001,film
Zoolander,Zoolander,2001,film
Speed 2: Cruise Control,Speed 2: Cruise Control,1997,film
Batman & Robin,Batman & Robin,1997,film
Face/Off,Face/Off,1997,film
Men in Black,Men in Black,1997,film
Contact,Contact,1997,film
Princess Mononoke,Princess Mononoke,1997,film
George of the Jungle,George of the Jungle,1997,film
Air Force One,Air Force One,1997,film
One Eight Seven,One Eight Seven,1997,film
Conspiracy Theory,Conspiracy Theory,1997,film
Event Horizon,Event Horizon,1997,film
G.I. Jane,G.I. Jane,1997,film
The Game,The Game,1997,film
L.A. Confidential,L.A. Confidential,1997,film
The Peacemaker,The Peacemaker,1997,film
Kiss the Girls,Kiss the Girls,1997,film
Boogie Nights,Boogie Nights,1997,film
Ballermann 6,Ballermann 6,1997,film
The Devil's Advocate,The Devil's Advocate,1997,film
I Know What You Did Last Summer,I Know What You Did Last Summer,1997,film
Starship Troopers,Starship Troopers,1997,film
Alien Resurrection,Alien Resurrection,1997,film
The Jackal,The Jackal,1997,film
The Rainmaker,The Rainmaker,1997,film
Flubber,Flubber,1997,film
Good Will Hunting,Good Will Hunting,1997,film
Tomorrow Never Dies,Tomorrow Never Dies,1997,film
Scream 2,Scream 2,1997,film
As Good as It Gets,As Good as It Gets,1997,film
Titanic,Titanic,1997,film
Jackie Brown,Jackie Brown,1997,film
Fallen,Fallen,1998,film
Hard Rain,Hard Rain,1998,film
Phantoms,Phantoms,1998,film
The Spiral,The Spiral,1998,film
Dark City,Dark City,1998,film
The Big Lebowski,The Big Lebowski,1998,film
U.S. Marshals,U.S. Marshals,1998,film
The Man in the Iron Mask,The Man in the Iron Mask,1998,film
Wild Things,Wild Things,1998,film
Mercury Rising,Mercury Rising,1998,film
Taxi,Taxi,1998,film
Deep Impact,Deep Impact,1998,film
Godzilla,Godzilla,1998,film
Fear and Loathing in Las Vegas,Fear and Loathing in Las Vegas,1998,film
The Truman Show,The Truman Show,1998,film
Mulan,Mulan,1998,film
The X-Files,The X-Files,1998,film
Out of Sight,Out of Sight,1998,film
American History X,American History X,1998,film
Armageddon,Armageddon,1998,film
Lethal Weapon 4,Lethal Weapon 4,1998,film
The Mask of Zorro,The Mask of Zorro,1998,film
Saving Private Ryan,Saving Private Ryan,1998,film
The Parent Trap,The Parent Trap,1998,film
The Negotiator,The Negotiator,1998,film
Russell Mulcahy’s Tale of the Mummy,Russell Mulcahy’s Tale of the Mummy,1998,film
Snake Eyes,Snake Eyes,1998,film
Return to Paradise,Return to Paradise,1998,film
Blade,Blade,1998,film
"Lock, Stock and Two Smoking Barrels","Lock, Stock and Two Smoking Barrels",1998,film
Rounders,Rounders,1998,film
Pleasantville,Pleasantville,1998,film
Rush Hour,Rush Hour,1998,film
Ronin,Ronin,1998,film
A Night at the Roxbury,A Night at the Roxbury,1998,film
Bride of Chucky,Bride of Chucky,1998,film
Practical Magic,Practical Magic,1998,film
The Lion King II: Simba's Pride,The Lion King II: Simba's Pride,1998,film
The Legend of 1900,The Legend of 1900,1998,film
The Siege,The Siege,1998,film
Meet Joe Black,Meet Joe Black,1998,film
I Still Know What You Did Last Summer,I Still Know What You Did Last Summer,1998,film
Enemy of the State,Enemy of the State,1998,film
A Bug's Life,A Bug's Life,1998,film
Patch Adams,Patch Adams,1998,film
The Boondock Saints,The Boondock Saints,1999,film
Payback,Payback,1999,film
8MM,8MM,1999,film
Analyze This,Analyze This,1999,film
Cruel Intentions,Cruel Intentions,1999,film
The Rage: Carrie 2,The Rage: Carrie 2,1999,film
10 Things I Hate About You,10 Things I Hate About You,1999,film
The Matrix,The Matrix,1999,film
The Mummy,The Mummy,1999,film
Entrapment,Entrapment,1999,film
Star Wars: Episode I - The Phantom Menace,Star Wars: Episode I - The Phantom Menace,1999,film
Notting Hill,Notting Hill,1999,film
American Pie,American Pie,1999,film
The Blair Witch Project,The Blair Witch Project,1999,film
The Blair Witch Project,The Blair Witch Project,1999,film
Deep Blue Sea,Deep Blue Sea,1999,film
The Sixth Sense,The Sixth Sense,1999,film
The Iron Giant,The Iron Giant,1999,film
The 13th Warrior,The 13th Warrior,1999,film
The Ninth Gate,The Ninth Gate,1999,film
The Astronaut's Wife,The Astronaut's Wife,1999,film
Werner - Volles Rooäää!!!,Werner - Volles Rooäää!!!,1999,film
Jakob the Liar,Jakob the Liar,1999,film
Blue Streak,Blue Streak,1999,film
The Three Musketeers,The Three Musketeers,1993,film
Mrs. Doubtfire,Mrs. Doubtfire,1993,film
Schindler's List,Schindler's List,1993,film
Philadelphia,Philadelphia,1993,film
Tombstone,Tombstone,1993,film
Ace Ventura: Pet Detective,Ace Ventura: Pet Detective,1994,film
The Getaway,The Getaway,1994,film
Naked Gun 33⅓: The Final Insult,Naked Gun 33⅓: The Final Insult,1994,film
Major League II,Major League II,1994,film
The Crow,The Crow,1994,film
The Return of Jafar,The Return of Jafar,1994,film
Beverly Hills Cop III,Beverly Hills Cop III,1994,film
Speed,Speed,1994,film
Police Academy: Mission to Moscow,Police Academy: Mission to Moscow,1994,film
The Lion King,The Lion King,1994,film
Forrest Gump,Forrest Gump,1994,film
Blown Away,Blown Away,1994,film
The Next Karate Kid,The Next Karate Kid,1994,film
The Client,The Client,1994,film
The Mask,The Mask,1994,film
Clear and Present Danger,Clear and Present Danger,1994,film
Natural Born Killers,Natural Born Killers,1994,film
Pulp Fiction,Pulp Fiction,1994,film
The Shawshank Redemption,The Shawshank Redemption,1994,film
The Specialist,The Specialist,1994,film
The NeverEnding Story III,The NeverEnding Story III,1994,film
Stargate,Stargate,1994,film
Double Dragon,Double Dragon,1994,film
Mary Shelley's Frankenstein,Mary Shelley's Frankenstein,1994,film
The Santa Clause,The Santa Clause,1994,film
Interview with the Vampire,Interview with the Vampire,1994,film
Dumb and Dumber,Dumb and Dumber,1994,film
Twelve Monkeys,Twelve Monkeys,1995,film
Rumble in the Bronx,Rumble in the Bronx,1995,film
Outbreak,Outbreak,1995,film
Dolores Claiborne,Dolores Claiborne,1995,film
Bad Boys,Bad Boys,1995,film
Crimson Tide,Crimson Tide,1995,film
Die Hard: With a Vengeance,Die Hard: With a Vengeance,1995,film
Braveheart,Braveheart,1995,film
The Bridges of Madison County,The Bridges of Madison County,1995,film
Batman Forever,Batman Forever,1995,film
Apollo 13,Apollo 13,1995,film
Under Siege 2: Dark Territory,Under Siege 2: Dark Territory,1995,film
Whisper of the Heart,Whisper of the Heart,1995,film
Free Willy 2: The Adventure Home,Free Willy 2: The Adventure Home,1995,film
Waterworld,Waterworld,1995,film
Dangerous Minds,Dangerous Minds,1995,film
Se7en,Se7en,1995,film
Assassins,Assassins,1995,film
My Sister’s Good Fortune,My Sister’s Good Fortune,1995,film
Haunted,Haunted,1995,film
Ace Ventura: When Nature Calls,Ace Ventura: When Nature Calls,1995,film
GoldenEye,GoldenEye,1995,film
Ghost in the Shell,Ghost in the Shell,1995,film
Toy Story,Toy Story,1995,film
Heat,Heat,1995,film
Jumanji,Jumanji,1995,film
Dracula: Dead and Loving It,Dracula: Dead and Loving It,1995,film
From Dusk Till Dawn,From Dusk Till Dawn,1996,film
Broken Arrow,Broken Arrow,1996,film
Happy Gilmore,Happy Gilmore,1996,film
Trainspotting,Trainspotting,1996,film
Fargo,Fargo,1996,film
Executive Decision,Executive Decision,1996,film
Twister,Twister,1996,film
Aladdin and the King of Thieves,Aladdin and the King of Thieves,1996,film
Mission: Impossible,Mission: Impossible,1996,film
DragonHeart,DragonHeart,1996,film
Eraser,Eraser,1996,film
Independence Day,Independence Day,1996,film
Werner: Eat My Dust!!!,Werner: Eat My Dust!!!,1996,film
Courage Under Fire,Courage Under Fire,1996,film
Phenomenon,Phenomenon,1996,film
Chain Reaction,Chain Reaction,1996,film
Emma,Emma,1996,film
Matilda,Matilda,1996,film
Escape from L.A.,Escape from L.A.,1996,film
Pusher,Pusher,1996,film
Pusher,Pusher,1996,film
Sleepers,Sleepers,1996,film
Michael Collins,Michael Collins,1996,film
Set It Off,Set It Off,1996,film
Ransom,Ransom,1996,film
Space Jam,Space Jam,1996,film
Daylight,Daylight,1996,film
Jerry Maguire,Jerry Maguire,1996,film
Scream,Scream,1996,film
It Happened in Broad Daylight,It Happened in Broad Daylight,1997,film
Dante's Peak,Dante's Peak,1997,film
Donnie Brasco,Donnie Brasco,1997,film
Smilla's Sense of Snow,Smilla's Sense of Snow,1997,film
The Devil's Own,The Devil's Own,1997,film
Liar Liar,Liar Liar,1997,film
Volcano,Volcano,1997,film
Breakdown,Breakdown,1997,film
The Fifth Element,The Fifth Element,1997,film
The Lost World: Jurassic Park,The Lost World: Jurassic Park,1997,film
Con Air,Con Air,1997,film
Hercules,Hercules,1997,film
Pet Sematary,Pet Sematary,1989,film
Indiana Jones and the Last Crusade,Indiana Jones and the Last Crusade,1989,film
Dead Poets Society,Dead Poets Society,1989,film
Licence to Kill,Licence to Kill,1989,film
Ghostbusters II,Ghostbusters II,1989,film
The Karate Kid Part III,The Karate Kid Part III,1989,film
Batman,Batman,1989,film
The Gods Must Be Crazy II,The Gods Must Be Crazy II,1989,film
Lethal Weapon 2,Lethal Weapon 2,1989,film
When Harry Met Sally...,When Harry Met Sally...,1989,film
Kiki's Delivery Service,Kiki's Delivery Service,1989,film
Lock Up,Lock Up,1989,film
The Abyss,The Abyss,1989,film
Erik the Viking,Erik the Viking,1989,film
The Punisher,The Punisher,1989,film
The Little Mermaid,The Little Mermaid,1989,film
Back to the Future Part II,Back to the Future Part II,1989,film
Triumph of the Spirit,Triumph of the Spirit,1989,film
The War of the Roses,The War of the Roses,1989,film
Born on the Fourth of July,Born on the Fourth of July,1989,film
Tango & Cash,Tango & Cash,1989,film
Tie Me Up! Tie Me Down!,Tie Me Up! Tie Me Down!,1990,film
The Hunt for Red October,The Hunt for Red October,1990,film
Pretty Woman,Pretty Woman,1990,film
Dances with Wolves,Dances with Wolves,1990,film
Back to the Future Part III,Back to the Future Part III,1990,film
Gremlins 2: The New Batch,Gremlins 2: The New Batch,1990,film
RoboCop 2,RoboCop 2,1990,film
Die Hard 2,Die Hard 2,1990,film
Ghost,Ghost,1990,film
Quick Change,Quick Change,1990,film
Presumed Innocent,Presumed Innocent,1990,film
Flatliners,Flatliners,1990,film
GoodFellas,GoodFellas,1990,film
The NeverEnding Story II: The Next Chapter,The NeverEnding Story II: The Next Chapter,1990,film
Home Alone,Home Alone,1990,film
Rocky V,Rocky V,1990,film
Predator 2,Predator 2,1990,film
Werner and the Wizard of Booze,Werner and the Wizard of Booze,1990,film
Misery,Misery,1990,film
Awakenings,Awakenings,1990,film
Edward Scissorhands,Edward Scissorhands,1990,film
Kindergarten Cop,Kindergarten Cop,1990,film
The Godfather Part III,The Godfather Part III,1990,film
The Silence of the Lambs,The Silence of the Lambs,1991,film
Hook,Hook,1991,film
Knight Rider 2000,Knight Rider 2000,1991,film
Thelma & Louise,Thelma & Louise,1991,film
Robin Hood: Prince of Thieves,Robin Hood: Prince of Thieves,1991,film
The Naked Gun 2½: The Smell of Fear,The Naked Gun 2½: The Smell of Fear,1991,film
Terminator 2: Judgment Day,Terminator 2: Judgment Day,1991,film
Point Break,Point Break,1991,film
"Manta, Manta","Manta, Manta",1991,film
Other People's Money,Other People's Money,1991,film
Beauty and the Beast,Beauty and the Beast,1991,film
The Last Boy Scout,The Last Boy Scout,1991,film
JFK,JFK,1991,film
The Prince of Tides,The Prince of Tides,1991,film
Fried Green Tomatoes,Fried Green Tomatoes,1991,film
Stop! Or My Mom Will Shoot,Stop! Or My Mom Will Shoot,1992,film
Basic Instinct,Basic Instinct,1992,film
Beethoven,Beethoven,1992,film
Lethal Weapon 3,Lethal Weapon 3,1992,film
Alien³,Alien³,1992,film
Far and Away,Far and Away,1992,film
Twin Peaks: Fire Walk with Me,Twin Peaks: Fire Walk with Me,1992,film
Patriot Games,Patriot Games,1992,film
Batman Returns,Batman Returns,1992,film
Police Story 3: Super Cop,Police Story 3: Super Cop,1992,film
Porco Rosso,Porco Rosso,1992,film
Death Becomes Her,Death Becomes Her,1992,film
Unforgiven,Unforgiven,1992,film
1492: Conquest of Paradise,1492: Conquest of Paradise,1992,film
The Last of the Mohicans,The Last of the Mohicans,1992,film
Reservoir Dogs,Reservoir Dogs,1992,film
Mr. Baseball,Mr. Baseball,1992,film
Under Siege,Under Siege,1992,film
Bram Stoker's Dracula,Bram Stoker's Dracula,1992,film
Home Alone 2: Lost in New York,Home Alone 2: Lost in New York,1992,film
Malcolm X,Malcolm X,1992,film
Aladdin,Aladdin,1992,film
The Bodyguard,The Bodyguard,1992,film
Sniper,Sniper,1993,film
Bound by Honor,Bound by Honor,1993,film
Groundhog Day,Groundhog Day,1993,film
Indecent Proposal,Indecent Proposal,1993,film
Dave,Dave,1993,film
The Piano,The Piano,1993,film
Jurassic Park,Jurassic Park,1993,film
Last Action Hero,Last Action Hero,1993,film
The Firm,The Firm,1993,film
In the Line of Fire,In the Line of Fire,1993,film
Free Willy,Free Willy,1993,film
Robin Hood: Men in Tights,Robin Hood: Men in Tights,1993,film
The Fugitive,The Fugitive,1993,film
Searching for Bobby Fischer,Searching for Bobby Fischer,1993,film
True Romance,True Romance,1993,film
Striking Distance,Striking Distance,1993,film
Cool Runnings,Cool Runnings,1993,film
Carlito's Way,Carlito's Way,1993,film
Banana Joe,Banana Joe,1982,film
Rocky III,Rocky III,1982,film
E.T. the Extra-Terrestrial,E.T. the Extra-Terrestrial,1982,film
Firefox,Firefox,1982,film
Blade Runner,Blade Runner,1982,film
The Thing,The Thing,1982,film
Bomber,Bomber,1982,film
First Blood,First Blood,1982,film
The Last Unicorn,The Last Unicorn,1982,film
Gandhi,Gandhi,1982,film
Private Popsicle,Private Popsicle,1982,film
Go for It,Go for It,1983,film
Blue Thunder,Blue Thunder,1983,film
Thieves and Robbers,Thieves and Robbers,1983,film
Flashdance,Flashdance,1983,film
Return of the Jedi,Return of the Jedi,1983,film
Octopussy,Octopussy,1983,film
Risky Business,Risky Business,1983,film
Never Say Never Again,Never Say Never Again,1983,film
Sahara,Sahara,1983,film
Scarface,Scarface,1983,film
Footloose,Footloose,1984,film
This Is Spinal Tap,This Is Spinal Tap,1984,film
Nausicaä of the Valley of the Wind,Nausicaä of the Valley of the Wind,1984,film
The NeverEnding Story,The NeverEnding Story,1984,film
Indiana Jones and the Temple of Doom,Indiana Jones and the Temple of Doom,1984,film
Once Upon a Time in America,Once Upon a Time in America,1984,film
Ghostbusters,Ghostbusters,1984,film
Gremlins,Gremlins,1984,film
The Karate Kid,The Karate Kid,1984,film
Double Trouble,Double Trouble,1984,film
The Terminator,The Terminator,1984,film
Beverly Hills Cop,Beverly Hills Cop,1984,film
Ronia: The Robber's Daughter,Ronia: The Robber's Daughter,1984,film
Witness,Witness,1985,film
Police Academy 2: Their First Assignment,Police Academy 2: Their First Assignment,1985,film
Shoah,Shoah,1985,film
Rambo: First Blood Part II,Rambo: First Blood Part II,1985,film
A View to a Kill,A View to a Kill,1985,film
Mad Max Beyond Thunderdome,Mad Max Beyond Thunderdome,1985,film
Back to the Future,Back to the Future,1985,film
Fright Night,Fright Night,1985,film
Teen Wolf,Teen Wolf,1985,film
Rocky IV,Rocky IV,1985,film
Miami Supercops,Miami Supercops,1985,film
Highlander,Highlander,1986,film
Police Academy 3: Back in Training,Police Academy 3: Back in Training,1986,film
Top Gun,Top Gun,1986,film
The Karate Kid Part II,The Karate Kid Part II,1986,film
Aliens,Aliens,1986,film
Castle in the Sky,Castle in the Sky,1986,film
Stand by Me,Stand by Me,1986,film
The Fly,The Fly,1986,film
The Mission,The Mission,1986,film
Blue Velvet,Blue Velvet,1986,film
The Name of the Rose,The Name of the Rose,1986,film
Crocodile Dundee,Crocodile Dundee,1986,film
The Color of Money,The Color of Money,1986,film
Platoon,Platoon,1986,film
Lethal Weapon,Lethal Weapon,1987,film
Police Academy 4: Citizens on Patrol,Police Academy 4: Citizens on Patrol,1987,film
Beverly Hills Cop II,Beverly Hills Cop II,1987,film
The Untouchables,The Untouchables,1987,film
Predator,Predator,1987,film
Spaceballs,Spaceballs,1987,film
Full Metal Jacket,Full Metal Jacket,1987,film
The Living Daylights,The Living Daylights,1987,film
RoboCop,RoboCop,1987,film
The Lost Boys,The Lost Boys,1987,film
Dirty Dancing,Dirty Dancing,1987,film
The Last Emperor,The Last Emperor,1987,film
Cry Freedom,Cry Freedom,1987,film
The Running Man,The Running Man,1987,film
Wall Street,Wall Street,1987,film
"Good Morning, Vietnam","Good Morning, Vietnam",1987,film
Shoot to Kill,Shoot to Kill,1988,film
Police Academy 5: Assignment Miami Beach,Police Academy 5: Assignment Miami Beach,1988,film
Beetlejuice,Beetlejuice,1988,film
My Neighbor Totoro,My Neighbor Totoro,1988,film
The Big Blue,The Big Blue,1988,film
Crocodile Dundee II,Crocodile Dundee II,1988,film
Rambo III,Rambo III,1988,film
Akira,Akira,1988,film
The Presidio,The Presidio,1988,film
Who Framed Roger Rabbit,Who Framed Roger Rabbit,1988,film
Coming to America,Coming to America,1988,film
A Fish Called Wanda,A Fish Called Wanda,1988,film
Die Hard,Die Hard,1988,film
Tucker: The Man and His Dream,Tucker: The Man and His Dream,1988,film
Young Guns,Young Guns,1988,film
The Accused,The Accused,1988,film
The Land Before Time,The Land Before Time,1988,film
Scrooged,Scrooged,1988,film
The Naked Gun: From the Files of Police Squad!,The Naked Gun: From the Files of Police Squad!,1988,film
Mississippi Burning,Mississippi Burning,1988,film
Twins,Twins,1988,film
Rain Man,Rain Man,1988,film
Working Girl,Working Girl,1988,film
Major League,Major League,1989,film
Police Academy 6: City Under Siege,Police Academy 6: City Under Siege,1989,film
The Great Dictator,The Great Dictator,1940,film
Meet Me in St. Louis,Meet Me in St. Louis,1944,film
The Flying Classroom,The Flying Classroom,1954,film
12 Angry Men,12 Angry Men,1957,film
Ben-Hur,Ben-Hur,1959,film
The Magnificent Seven,The Magnificent Seven,1960,film
Murder She Said,Murder She Said,1961,film
The Longest Day,The Longest Day,1962,film
Dr. No,Dr. No,1962,film
Treasure of Silver Lake,Treasure of Silver Lake,1962,film
Le Doulos,Le Doulos,1962,film
Murder at the Gallop,Murder at the Gallop,1963,film
Cleopatra,Cleopatra,1963,film
The Great Escape,The Great Escape,1963,film
From Russia with Love,From Russia with Love,1963,film
Apache Gold,Apache Gold,1963,film
Murder Most Foul,Murder Most Foul,1964,film
Old Shatterhand,Old Shatterhand,1964,film
Last of the Renegades,Last of the Renegades,1964,film
Goldfinger,Goldfinger,1964,film
Murder Ahoy,Murder Ahoy,1964,film
Frontier Hellcat,Frontier Hellcat,1964,film
Rampage at Apache Wells,Rampage at Apache Wells,1965,film
The Desperado Trail,The Desperado Trail,1965,film
Thunderball,Thunderball,1965,film
Winnetou and the Crossbreed,Winnetou and the Crossbreed,1966,film
Thunder at the Border,Thunder at the Border,1966,film
You Only Live Twice,You Only Live Twice,1967,film
La Chinoise,La Chinoise,1967,film
The Jungle Book,The Jungle Book,1967,film
"Django, Prepare a Coffin","Django, Prepare a Coffin",1968,film
"Today We Kill, Tomorrow We Die!","Today We Kill, Tomorrow We Die!",1968,film
2001: A Space Odyssey,2001: A Space Odyssey,1968,film
The Valley of Death,The Valley of Death,1968,film
Battle of Britain,Battle of Britain,1969,film
On Her Majesty's Secret Service,On Her Majesty's Secret Service,1969,film
They Call Me Trinity,They Call Me Trinity,1970,film
Death in Venice,Death in Venice,1971,film
Trinity Is Still My Name,Trinity Is Still My Name,1971,film
Diamonds Are Forever,Diamonds Are Forever,1971,film
Harold and Maude,Harold and Maude,1971,film
Duel,Duel,1971,film
The Godfather,The Godfather,1972,film
All the Way Boys,All the Way Boys,1972,film
Even Angels Eat Beans,Even Angels Eat Beans,1973,film
Live and Let Die,Live and Let Die,1973,film
Enter the Dragon,Enter the Dragon,1973,film
Robin Hood,Robin Hood,1973,film
The Holy Mountain,The Holy Mountain,1973,film
Fantastic Planet,Fantastic Planet,1973,film
Charleston,Charleston,1974,film
The Man with the Golden Gun,The Man with the Golden Gun,1974,film
The Godfather Part II,The Godfather Part II,1974,film
Monty Python and the Holy Grail,Monty Python and the Holy Grail,1975,film
Monty Python and the Holy Grail,Monty Python and the Holy Grail,1975,film
Jaws,Jaws,1975,film
Dog Day Afternoon,Dog Day Afternoon,1975,film
The Count of Monte-Cristo,The Count of Monte-Cristo,1975,film
One Flew Over the Cuckoo's Nest,One Flew Over the Cuckoo's Nest,1975,film
Midway,Midway,1976,film
Carrie,Carrie,1976,film
Rocky,Rocky,1976,film
Pumping Iron,Pumping Iron,1977,film
Crime Busters,Crime Busters,1977,film
Star Wars,Star Wars,1977,film
A Bridge Too Far,A Bridge Too Far,1977,film
The Rescuers,The Rescuers,1977,film
The Spy Who Loved Me,The Spy Who Loved Me,1977,film
The Brothers Lionheart,The Brothers Lionheart,1977,film
One Wild Moment,One Wild Moment,1977,film
Lemon Popsicle,Lemon Popsicle,1978,film
Odds and Evens,Odds and Evens,1978,film
Day of the Woman,Day of the Woman,1978,film
Love on the Run,Love on the Run,1979,film
Mad Max,Mad Max,1979,film
Apocalypse Now,Apocalypse Now,1979,film
Alien,Alien,1979,film
Going Steady,Going Steady,1979,film
Rocky II,Rocky II,1979,film
Moonraker,Moonraker,1979,film
The Sheriff and the Satellite Kid,The Sheriff and the Satellite Kid,1979,film
Life of Brian,Life of Brian,1979,film
I'm for the Hippopotamus,I'm for the Hippopotamus,1979,film
Fame,Fame,1980,film
The Empire Strikes Back,The Empire Strikes Back,1980,film
The Shining,The Shining,1980,film
The Blues Brothers,The Blues Brothers,1980,film
The Gods Must Be Crazy,The Gods Must Be Crazy,1980,film
Super Fuzz,Super Fuzz,1980,film
Why Did You Pick On Me?,Why Did You Pick On Me?,1980,film
Altered States,Altered States,1980,film
Christiane F.,Christiane F.,1981,film
Hot Bubblegum,Hot Bubblegum,1981,film
Escape from New York,Escape from New York,1981,film
Raiders of the Lost Ark,Raiders of the Lost Ark,1981,film
History of the World: Part I,History of the World: Part I,1981,film
For Your Eyes Only,For Your Eyes Only,1981,film
Who Finds a Friend Finds a Treasure,Who Finds a Friend Finds a Treasure,1981,film
Quest for Fire,Quest for Fire,1981,film
Mad Max 2,Mad Max 2,1981,film
